Date,Open,High,Low,Close,Adj Close,Volume
2011-01-23,0.21,0.21,0.21,0.21,0.099069,10000.0
2011-01-24,0.23,0.25,0.23,0.24,0.113221,100000.0
2011-01-26,0.24,0.24,0.24,0.24,0.113221,40000.0
2011-01-27,0.24,0.24,0.23,0.235,0.11086300000000003,49897.0
2011-01-30,,,,,,
2011-01-31,0.23,0.24,0.23,0.24,0.113221,20000.0
2011-02-01,,,,,,
2011-02-02,0.23,0.23,0.23,0.23,0.108504,33000.0
2011-02-03,0.25,0.25,0.23,0.23,0.108504,30000.0
2011-02-06,0.23,0.23,0.23,0.23,0.108504,19561.0
2011-02-07,0.23,0.23,0.225,0.225,0.106145,10439.0
2011-02-08,,,,,,
2011-02-09,,,,,,
2011-02-10,0.225,0.225,0.22,0.22,0.103786,30000.0
2011-02-13,0.22,0.225,0.22,0.225,0.106145,20000.0
2011-02-14,0.23,0.23,0.225,0.225,0.106145,37700.0
2011-02-15,0.23,0.23,0.225,0.225,0.106145,30000.0
2011-02-16,0.225,0.225,0.225,0.225,0.106145,10000.0
2011-02-17,0.225,0.225,0.225,0.225,0.106145,40000.0
2011-02-20,,,,,,
2011-02-21,0.22,0.22,0.22,0.22,0.103786,10000.0
2011-02-22,,,,,,
2011-02-23,0.22,0.22,0.21,0.21,0.099069,10000.0
2011-02-24,,,,,,
2011-02-27,,,,,,
2011-02-28,0.21,0.21,0.21,0.21,0.099069,10000.0
2011-03-01,0.2,0.2,0.2,0.2,0.094351,12250.0
2011-03-02,0.2,0.2,0.2,0.2,0.094351,10000.0
2011-03-03,,,,,,
2011-03-06,,,,,,
2011-03-07,0.2,0.21,0.2,0.21,0.099069,20000.0
2011-03-08,,,,,,
2011-03-09,0.21,0.21,0.21,0.21,0.099069,3250.0
2011-03-10,,,,,,
2011-03-14,0.2,0.2,0.19,0.19,0.089634,10000.0
2011-03-15,,,,,,
2011-03-16,,,,,,
2011-03-17,,,,,,
2011-03-20,,,,,,
2011-03-21,,,,,,
2011-03-22,,,,,,
2011-03-23,0.2,0.2,0.2,0.2,0.094351,21175.0
2011-03-24,,,,,,
2011-03-27,,,,,,
2011-03-28,0.19,0.19,0.19,0.19,0.089634,10000.0
2011-03-29,,,,,,
2011-03-30,,,,,,
2011-03-31,,,,,,
2011-04-04,,,,,,
2011-04-05,,,,,,
2011-04-06,0.2,0.2,0.2,0.2,0.094351,18825.0
2011-04-07,,,,,,
2011-04-08,0.2,0.2,0.2,0.2,0.094351,20000.0
2011-04-11,0.21,0.23,0.21,0.23,0.108504,30000.0
2011-04-12,,,,,,
2011-04-13,0.18,0.18,0.18,0.18,0.08491599999999999,10000.0
2011-04-14,,,,,,
2011-04-15,0.205,0.205,0.205,0.205,0.09671,20000.0
2011-04-18,,,,,,
2011-04-19,0.225,0.225,0.22,0.22,0.103786,20000.0
2011-04-20,,,,,,
2011-04-21,0.235,0.235,0.235,0.235,0.11086300000000003,26750.0
2011-04-27,,,,,,
2011-04-28,0.22,0.22,0.22,0.22,0.110504,20000.0
2011-04-29,,,,,,
2011-05-02,,,,,,
2011-05-03,0.19,0.19,0.19,0.19,0.095435,10000.0
2011-05-04,0.19,0.19,0.19,0.19,0.095435,10000.0
2011-05-05,,,,,,
2011-05-06,,,,,,
2011-05-09,,,,,,
2011-05-10,,,,,,
2011-05-11,,,,,,
2011-05-12,,,,,,
2011-05-13,,,,,,
2011-05-16,,,,,,
2011-05-17,,,,,,
2011-05-18,,,,,,
2011-05-19,,,,,,
2011-05-20,0.205,0.205,0.205,0.205,0.10297,10000.0
2011-05-23,0.205,0.205,0.205,0.205,0.10297,10000.0
2011-05-24,,,,,,
2011-05-25,,,,,,
2011-05-26,,,,,,
2011-05-27,,,,,,
2011-05-30,0.21,0.23,0.21,0.23,0.115527,22501.0
2011-05-31,,,,,,
2011-06-01,0.19,0.19,0.19,0.19,0.095435,20000.0
2011-06-02,,,,,,
2011-06-03,0.2,0.2,0.2,0.2,0.100458,3000.0
2011-06-06,0.19,0.19,0.19,0.19,0.095435,10000.0
2011-06-07,,,,,,
2011-06-08,,,,,,
2011-06-09,,,,,,
2011-06-10,,,,,,
2011-06-14,0.19,0.19,0.19,0.19,0.095435,2000.0
2011-06-15,,,,,,
2011-06-16,,,,,,
2011-06-17,,,,,,
2011-06-20,,,,,,
2011-06-21,,,,,,
2011-06-22,,,,,,
2011-06-23,,,,,,
2011-06-24,0.2,0.275,0.2,0.265,0.133107,188823.0
2011-06-27,0.27,0.27,0.26,0.26,0.130596,23675.0
2011-06-28,0.24,0.24,0.24,0.24,0.12055,25000.0
2011-06-29,,,,,,
2011-06-30,,,,,,
2011-07-01,,,,,,
2011-07-04,,,,,,
2011-07-05,,,,,,
2011-07-06,,,,,,
2011-07-07,0.255,0.255,0.255,0.255,0.128084,10000.0
2011-07-08,0.26,0.27,0.26,0.27,0.13561900000000002,56325.0
2011-07-11,0.25,0.25,0.25,0.25,0.125573,10000.0
2011-07-12,,,,,,
2011-07-13,,,,,,
2011-07-14,0.26,0.26,0.26,0.26,0.130596,40000.0
2011-07-15,0.27,0.27,0.265,0.265,0.133107,30000.0
2011-07-18,0.265,0.28,0.265,0.28,0.14064100000000002,30000.0
2011-07-19,0.29,0.3,0.29,0.3,0.150687,35000.0
2011-07-20,,,,,,
2011-07-21,,,,,,
2011-07-22,0.3,0.3,0.3,0.3,0.150687,4347.0
2011-07-25,,,,,,
2011-07-26,0.28,0.28,0.28,0.28,0.14064100000000002,10000.0
2011-07-27,0.29,0.29,0.29,0.29,0.14566400000000002,20000.0
2011-07-28,0.3,0.3,0.3,0.3,0.150687,20000.0
2011-07-29,,,,,,
2011-08-02,0.295,0.295,0.295,0.295,0.148176,10000.0
2011-08-03,,,,,,
2011-08-04,0.295,0.295,0.295,0.295,0.148176,10000.0
2011-08-05,0.26,0.26,0.26,0.26,0.130596,15000.0
2011-08-08,,,,,,
2011-08-09,,,,,,
2011-08-10,,,,,,
2011-08-11,0.235,0.235,0.23,0.23,0.115527,20000.0
2011-08-12,,,,,,
2011-08-15,,,,,,
2011-08-16,,,,,,
2011-08-17,,,,,,
2011-08-18,,,,,,
2011-08-19,,,,,,
2011-08-22,,,,,,
2011-08-23,,,,,,
2011-08-24,0.25,0.25,0.25,0.25,0.125573,10000.0
2011-08-25,,,,,,
2011-08-26,,,,,,
2011-08-29,0.25,0.25,0.25,0.25,0.125573,10000.0
2011-08-30,0.25,0.25,0.25,0.25,0.125573,11250.0
2011-08-31,,,,,,
2011-09-01,0.25,0.28,0.25,0.28,0.14064100000000002,60000.0
2011-09-02,0.295,0.3,0.295,0.3,0.150687,39350.0
2011-09-05,0.3,0.3,0.295,0.3,0.150687,107721.0
2011-09-06,,,,,,
2011-09-07,,,,,,
2011-09-08,,,,,,
2011-09-09,,,,,,
2011-09-12,,,,,,
2011-09-13,,,,,,
2011-09-14,,,,,,
2011-09-15,,,,,,
2011-09-16,,,,,,
2011-09-19,,,,,,
2011-09-20,,,,,,
2011-09-21,,,,,,
2011-09-22,0.3,0.3,0.3,0.3,0.150687,130000.0
2011-09-23,,,,,,
2011-09-26,,,,,,
2011-09-27,0.32,0.32,0.32,0.32,0.160733,60000.0
2011-09-28,,,,,,
2011-09-29,,,,,,
2011-09-30,0.32,0.32,0.32,0.32,0.160733,50721.0
2011-10-03,,,,,,
2011-10-04,,,,,,
2011-10-05,0.32,0.32,0.32,0.32,0.160733,39279.0
2011-10-06,,,,,,
2011-10-09,0.32,0.32,0.32,0.32,0.160733,10000.0
2011-10-10,,,,,,
2011-10-11,,,,,,
2011-10-12,,,,,,
2011-10-13,,,,,,
2011-10-16,,,,,,
2011-10-17,,,,,,
2011-10-18,,,,,,
2011-10-19,,,,,,
2011-10-20,,,,,,
2011-10-23,,,,,,
2011-10-24,,,,,,
2011-10-25,,,,,,
2011-10-26,0.31,0.32,0.31,0.32,0.160733,40000.0
2011-10-27,,,,,,
2011-10-30,,,,,,
2011-11-01,,,,,,
2011-11-02,,,,,,
2011-11-03,,,,,,
2011-11-06,,,,,,
2011-11-07,,,,,,
2011-11-08,,,,,,
2011-11-09,,,,,,
2011-11-10,,,,,,
2011-11-13,0.32,0.32,0.31,0.31,0.15571,29512.0
2011-11-14,0.31,0.31,0.31,0.31,0.15571,0.0
2011-11-15,0.31,0.31,0.31,0.31,0.15571,0.0
2011-11-16,0.31,0.31,0.31,0.31,0.15571,0.0
2011-11-17,0.31,0.31,0.31,0.31,0.15571,0.0
2011-11-20,0.32,0.32,0.32,0.32,0.160733,1288.0
2011-11-21,0.32,0.32,0.32,0.32,0.160733,0.0
2011-11-22,0.32,0.32,0.32,0.32,0.160733,0.0
2011-11-23,0.35,0.35,0.35,0.35,0.175802,16112.0
2011-11-24,0.35,0.35,0.35,0.35,0.175802,0.0
2011-11-27,0.35,0.35,0.35,0.35,0.175802,10000.0
2011-11-28,0.35,0.35,0.35,0.35,0.175802,15000.0
2011-11-29,0.35,0.35,0.35,0.35,0.175802,0.0
2011-11-30,0.35,0.35,0.35,0.35,0.175802,0.0
2011-12-01,0.35,0.35,0.35,0.35,0.175802,0.0
2011-12-04,0.35,0.35,0.35,0.35,0.175802,0.0
2011-12-05,0.35,0.35,0.35,0.35,0.175802,0.0
2011-12-06,0.345,0.345,0.345,0.345,0.17329,10000.0
2011-12-07,0.345,0.345,0.345,0.345,0.17329,0.0
2011-12-08,0.345,0.345,0.345,0.345,0.17329,0.0
2011-12-11,0.345,0.345,0.345,0.345,0.17329,0.0
2011-12-12,0.345,0.345,0.345,0.345,0.17329,0.0
2011-12-13,0.345,0.345,0.345,0.345,0.17329,0.0
2011-12-14,0.345,0.345,0.345,0.345,0.17329,0.0
2011-12-15,0.33,0.33,0.33,0.33,0.165756,30000.0
2011-12-18,0.33,0.33,0.33,0.33,0.165756,0.0
2011-12-19,0.32,0.32,0.32,0.32,0.160733,10000.0
2011-12-20,0.32,0.32,0.32,0.32,0.160733,0.0
2011-12-21,0.32,0.32,0.32,0.32,0.160733,0.0
2011-12-22,0.32,0.32,0.32,0.32,0.160733,0.0
2011-12-27,0.32,0.32,0.32,0.32,0.160733,0.0
2011-12-28,0.32,0.32,0.32,0.32,0.167696,0.0
2011-12-29,0.32,0.32,0.32,0.32,0.167696,0.0
2012-01-02,0.32,0.32,0.32,0.32,0.167696,0.0
2012-01-03,0.32,0.32,0.32,0.32,0.167696,0.0
2012-01-04,0.32,0.32,0.32,0.32,0.167696,0.0
2012-01-05,0.32,0.32,0.32,0.32,0.167696,0.0
2012-01-08,0.32,0.32,0.32,0.32,0.167696,0.0
2012-01-09,0.33,0.33,0.33,0.33,0.17293599999999998,2000.0
2012-01-10,0.33,0.33,0.33,0.33,0.17293599999999998,10000.0
2012-01-11,0.33,0.33,0.33,0.33,0.17293599999999998,0.0
2012-01-12,0.33,0.33,0.33,0.33,0.17293599999999998,0.0
2012-01-15,0.33,0.33,0.33,0.33,0.17293599999999998,0.0
2012-01-16,0.33,0.33,0.33,0.33,0.17293599999999998,0.0
2012-01-17,0.33,0.33,0.325,0.325,0.170316,10000.0
2012-01-18,0.325,0.325,0.325,0.325,0.170316,3200.0
2012-01-19,0.325,0.325,0.325,0.325,0.170316,0.0
2012-01-22,0.325,0.325,0.325,0.325,0.170316,0.0
2012-01-23,0.325,0.325,0.325,0.325,0.170316,0.0
2012-01-24,0.325,0.325,0.325,0.325,0.170316,0.0
2012-01-26,0.325,0.325,0.325,0.325,0.170316,0.0
2012-01-29,,,,,,
2012-01-30,0.325,0.325,0.325,0.325,0.170316,0.0
2012-01-31,0.33,0.33,0.33,0.33,0.17293599999999998,18000.0
2012-02-01,0.33,0.33,0.33,0.33,0.17293599999999998,0.0
2012-02-02,0.33,0.33,0.33,0.33,0.17293599999999998,0.0
2012-02-05,0.33,0.33,0.33,0.33,0.17293599999999998,0.0
2012-02-06,0.33,0.33,0.33,0.33,0.17293599999999998,0.0
2012-02-07,0.33,0.33,0.33,0.33,0.17293599999999998,0.0
2012-02-08,0.33,0.33,0.33,0.33,0.17293599999999998,0.0
2012-02-09,0.35,0.35,0.35,0.35,0.183417,10000.0
2012-02-12,0.35,0.35,0.35,0.35,0.183417,0.0
2012-02-13,0.35,0.35,0.35,0.35,0.183417,0.0
2012-02-14,0.35,0.35,0.35,0.35,0.183417,0.0
2012-02-15,0.35,0.35,0.35,0.35,0.183417,0.0
2012-02-16,0.35,0.35,0.35,0.35,0.183417,0.0
2012-02-19,0.4,0.4,0.38,0.38,0.199138,28000.0
2012-02-20,0.38,0.38,0.38,0.38,0.199138,0.0
2012-02-21,0.385,0.4,0.385,0.4,0.209619,7000.0
2012-02-22,0.4,0.4,0.4,0.4,0.209619,0.0
2012-02-23,0.4,0.4,0.4,0.4,0.209619,0.0
2012-02-26,0.4,0.4,0.4,0.4,0.209619,0.0
2012-02-27,0.4,0.4,0.4,0.4,0.209619,0.0
2012-02-28,0.4,0.4,0.4,0.4,0.209619,0.0
2012-02-29,0.42,0.435,0.42,0.435,0.227961,10000.0
2012-03-01,0.435,0.435,0.435,0.435,0.227961,0.0
2012-03-04,0.435,0.435,0.435,0.435,0.227961,0.0
2012-03-05,0.49,0.49,0.49,0.49,0.256784,10000.0
2012-03-06,0.49,0.49,0.49,0.49,0.256784,0.0
2012-03-07,0.49,0.49,0.49,0.49,0.256784,0.0
2012-03-08,0.49,0.49,0.49,0.49,0.256784,0.0
2012-03-11,0.49,0.49,0.49,0.49,0.256784,8000.0
2012-03-12,0.49,0.49,0.49,0.49,0.256784,0.0
2012-03-13,0.49,0.49,0.49,0.49,0.256784,12000.0
2012-03-14,0.49,0.49,0.49,0.49,0.256784,0.0
2012-03-15,0.49,0.49,0.49,0.49,0.256784,0.0
2012-03-18,0.49,0.49,0.49,0.49,0.256784,0.0
2012-03-19,0.49,0.49,0.49,0.49,0.26394,0.0
2012-03-20,0.49,0.49,0.49,0.49,0.26394,0.0
2012-03-21,0.49,0.49,0.49,0.49,0.26394,0.0
2012-03-22,0.49,0.49,0.49,0.49,0.26394,0.0
2012-03-25,0.49,0.49,0.49,0.49,0.26394,0.0
2012-03-26,0.49,0.49,0.49,0.49,0.26394,0.0
2012-03-27,0.49,0.49,0.49,0.49,0.26394,0.0
2012-03-28,0.49,0.49,0.49,0.49,0.26394,0.0
2012-03-29,0.49,0.49,0.49,0.49,0.26394,0.0
2012-04-02,0.415,0.415,0.415,0.415,0.223541,3750.0
2012-04-03,0.41,0.41,0.41,0.41,0.220848,3748.0
2012-04-04,0.41,0.41,0.41,0.41,0.220848,0.0
2012-04-05,0.41,0.41,0.41,0.41,0.220848,0.0
2012-04-10,0.41,0.41,0.41,0.41,0.220848,0.0
2012-04-11,0.41,0.41,0.41,0.41,0.220848,0.0
2012-04-12,0.41,0.41,0.41,0.41,0.220848,0.0
2012-04-13,0.41,0.41,0.41,0.41,0.220848,0.0
2012-04-16,0.43,0.43,0.4,0.4,0.215462,94252.0
2012-04-17,0.4,0.4,0.4,0.4,0.215462,5000.0
2012-04-18,0.4,0.4,0.4,0.4,0.215462,0.0
2012-04-19,0.4,0.4,0.4,0.4,0.215462,0.0
2012-04-20,0.42,0.42,0.42,0.42,0.226235,10000.0
2012-04-23,0.42,0.42,0.42,0.42,0.226235,0.0
2012-04-24,0.4,0.4,0.4,0.4,0.215462,60000.0
2012-04-26,0.4,0.4,0.4,0.4,0.215462,0.0
2012-04-27,0.4,0.4,0.4,0.4,0.215462,0.0
2012-04-30,0.4,0.4,0.4,0.4,0.215462,0.0
2012-05-01,0.41,0.42,0.41,0.42,0.226235,20000.0
2012-05-02,0.42,0.42,0.42,0.42,0.226235,0.0
2012-05-03,0.42,0.42,0.42,0.42,0.226235,0.0
2012-05-04,0.42,0.42,0.42,0.42,0.226235,0.0
2012-05-07,0.42,0.42,0.42,0.42,0.226235,42500.0
2012-05-08,0.42,0.42,0.42,0.42,0.226235,0.0
2012-05-09,0.445,0.45,0.445,0.45,0.242394,45001.0
2012-05-10,0.45,0.45,0.45,0.45,0.242394,1.0
2012-05-11,0.45,0.45,0.45,0.45,0.242394,0.0
2012-05-14,0.45,0.45,0.45,0.45,0.242394,0.0
2012-05-15,0.45,0.45,0.45,0.45,0.242394,0.0
2012-05-16,0.45,0.45,0.45,0.45,0.242394,0.0
2012-05-17,0.45,0.45,0.45,0.45,0.242394,0.0
2012-05-18,0.45,0.45,0.45,0.45,0.242394,0.0
2012-05-21,0.45,0.45,0.45,0.45,0.242394,0.0
2012-05-22,0.45,0.45,0.45,0.45,0.242394,0.0
2012-05-23,0.45,0.45,0.45,0.45,0.242394,2222.0
2012-05-24,0.45,0.45,0.45,0.45,0.242394,0.0
2012-05-25,0.45,0.45,0.45,0.45,0.242394,0.0
2012-05-28,0.45,0.45,0.45,0.45,0.242394,0.0
2012-05-29,0.45,0.45,0.45,0.45,0.242394,0.0
2012-05-30,0.45,0.45,0.45,0.45,0.242394,0.0
2012-05-31,0.45,0.45,0.45,0.45,0.242394,0.0
2012-06-01,0.45,0.45,0.45,0.45,0.242394,0.0
2012-06-04,0.45,0.45,0.45,0.45,0.242394,0.0
2012-06-05,0.45,0.45,0.45,0.45,0.242394,0.0
2012-06-06,0.45,0.45,0.45,0.45,0.242394,0.0
2012-06-07,0.36,0.385,0.36,0.385,0.207382,20047.0
2012-06-08,0.385,0.385,0.385,0.385,0.207382,0.0
2012-06-12,0.385,0.385,0.385,0.385,0.207382,0.0
2012-06-13,0.4,0.4,0.4,0.4,0.215462,3889.0
2012-06-14,0.4,0.4,0.4,0.4,0.215462,0.0
2012-06-15,0.425,0.425,0.425,0.425,0.228928,9953.0
2012-06-18,0.43,0.44,0.43,0.43,0.231621,15000.0
2012-06-19,0.44,0.44,0.44,0.44,0.237008,5000.0
2012-06-20,0.44,0.44,0.44,0.44,0.237008,0.0
2012-06-21,0.44,0.44,0.44,0.44,0.249141,0.0
2012-06-22,0.44,0.44,0.44,0.44,0.249141,0.0
2012-06-25,0.39,0.39,0.39,0.39,0.22083000000000005,10000.0
2012-06-26,0.39,0.39,0.39,0.39,0.22083000000000005,10000.0
2012-06-27,0.39,0.39,0.39,0.39,0.22083000000000005,0.0
2012-06-28,0.39,0.39,0.39,0.39,0.22083000000000005,0.0
2012-06-29,0.39,0.39,0.39,0.39,0.22083000000000005,0.0
2012-07-02,0.39,0.39,0.39,0.39,0.22083000000000005,0.0
2012-07-03,0.39,0.39,0.39,0.39,0.22083000000000005,0.0
2012-07-04,0.39,0.39,0.39,0.39,0.22083000000000005,0.0
2012-07-05,0.39,0.39,0.39,0.39,0.22083000000000005,0.0
2012-07-06,0.39,0.39,0.39,0.39,0.22083000000000005,0.0
2012-07-09,0.39,0.39,0.39,0.39,0.22083000000000005,0.0
2012-07-10,0.39,0.39,0.39,0.39,0.22083000000000005,0.0
2012-07-11,0.39,0.39,0.39,0.39,0.22083000000000005,0.0
2012-07-12,0.39,0.39,0.39,0.39,0.22083000000000005,0.0
2012-07-13,0.39,0.39,0.39,0.39,0.22083000000000005,0.0
2012-07-16,0.39,0.39,0.39,0.39,0.22083000000000005,0.0
2012-07-17,0.39,0.39,0.39,0.39,0.22083000000000005,0.0
2012-07-18,0.39,0.39,0.39,0.39,0.22083000000000005,0.0
2012-07-19,0.42,0.42,0.41,0.41,0.232154,27109.0
2012-07-20,0.41,0.41,0.41,0.41,0.232154,0.0
2012-07-23,0.415,0.415,0.415,0.415,0.234986,10000.0
2012-07-24,0.42,0.42,0.42,0.42,0.237817,32891.0
2012-07-25,0.42,0.42,0.42,0.42,0.237817,0.0
2012-07-26,0.42,0.42,0.42,0.42,0.237817,0.0
2012-07-27,0.42,0.42,0.42,0.42,0.237817,7109.0
2012-07-30,0.42,0.42,0.42,0.42,0.237817,0.0
2012-07-31,0.42,0.42,0.42,0.42,0.237817,0.0
2012-08-01,0.425,0.425,0.425,0.425,0.240648,50000.0
2012-08-02,0.425,0.425,0.425,0.425,0.240648,0.0
2012-08-03,0.44,0.45,0.44,0.45,0.254804,69000.0
2012-08-06,0.46,0.46,0.46,0.46,0.260466,11223.0
2012-08-07,0.46,0.46,0.46,0.46,0.260466,0.0
2012-08-08,0.465,0.465,0.44,0.44,0.249141,10000.0
2012-08-09,0.44,0.44,0.44,0.44,0.249141,0.0
2012-08-10,0.45,0.45,0.45,0.45,0.254804,27500.0
2012-08-13,0.45,0.45,0.45,0.45,0.254804,0.0
2012-08-14,0.45,0.45,0.45,0.45,0.254804,0.0
2012-08-15,0.45,0.45,0.45,0.45,0.254804,0.0
2012-08-16,0.45,0.45,0.45,0.45,0.254804,0.0
2012-08-17,0.45,0.45,0.45,0.45,0.254804,0.0
2012-08-20,0.45,0.45,0.45,0.45,0.254804,0.0
2012-08-21,0.45,0.45,0.45,0.45,0.254804,0.0
2012-08-22,0.45,0.45,0.45,0.45,0.254804,0.0
2012-08-23,0.45,0.45,0.45,0.45,0.254804,0.0
2012-08-24,0.45,0.45,0.45,0.45,0.254804,0.0
2012-08-27,0.45,0.45,0.45,0.45,0.254804,0.0
2012-08-28,0.45,0.45,0.45,0.45,0.254804,0.0
2012-08-29,0.45,0.45,0.45,0.45,0.254804,0.0
2012-08-30,0.45,0.45,0.45,0.45,0.254804,0.0
2012-08-31,0.45,0.45,0.45,0.45,0.254804,0.0
2012-09-03,0.475,0.5,0.475,0.5,0.283115,61500.0
2012-09-04,0.5,0.5,0.5,0.5,0.283115,0.0
2012-09-05,0.475,0.475,0.475,0.475,0.268959,2400.0
2012-09-06,0.485,0.485,0.485,0.485,0.274622,10000.0
2012-09-07,0.485,0.485,0.485,0.485,0.274622,0.0
2012-09-10,0.475,0.475,0.475,0.475,0.268959,900.0
2012-09-11,0.475,0.475,0.46,0.46,0.260466,9000.0
2012-09-12,0.475,0.475,0.475,0.475,0.268959,21500.0
2012-09-13,0.475,0.48,0.475,0.48,0.271791,15250.0
2012-09-14,0.48,0.48,0.48,0.48,0.271791,18750.0
2012-09-17,0.48,0.48,0.48,0.48,0.271791,4166.0
2012-09-18,0.48,0.48,0.48,0.48,0.271791,20000.0
2012-09-19,0.48,0.48,0.46,0.48,0.271791,39000.0
2012-09-20,0.485,0.505,0.485,0.5,0.283115,272000.0
2012-09-21,0.5,0.5,0.5,0.5,0.283115,33600.0
2012-09-24,0.5,0.505,0.5,0.5,0.283115,181480.0
2012-09-25,0.5,0.5,0.5,0.5,0.300274,0.0
2012-09-26,0.49,0.5,0.48,0.5,0.300274,48000.0
2012-09-27,0.49,0.49,0.49,0.49,0.294268,20163.0
2012-09-28,0.495,0.495,0.495,0.495,0.297271,10000.0
2012-10-01,0.49,0.49,0.49,0.49,0.294268,16000.0
2012-10-02,0.475,0.495,0.475,0.49,0.294268,35202.0
2012-10-03,0.49,0.49,0.49,0.49,0.294268,32244.0
2012-10-04,0.49,0.49,0.49,0.49,0.294268,12245.0
2012-10-05,0.49,0.49,0.49,0.49,0.294268,1938.0
2012-10-07,0.49,0.49,0.48,0.48,0.288263,70400.0
2012-10-08,0.48,0.48,0.48,0.48,0.288263,0.0
2012-10-09,0.485,0.485,0.48,0.48,0.288263,9500.0
2012-10-10,0.48,0.48,0.48,0.48,0.288263,2200.0
2012-10-11,0.485,0.51,0.485,0.49,0.294268,88525.0
2012-10-14,0.5,0.51,0.5,0.51,0.306279,31475.0
2012-10-15,0.51,0.51,0.5,0.5,0.300274,35817.0
2012-10-16,0.51,0.51,0.51,0.51,0.306279,20000.0
2012-10-17,0.51,0.51,0.51,0.51,0.306279,68000.0
2012-10-18,0.51,0.51,0.51,0.51,0.306279,35303.0
2012-10-21,0.515,0.515,0.515,0.515,0.309282,268197.0
2012-10-22,0.515,0.515,0.515,0.515,0.309282,5450.0
2012-10-23,0.515,0.515,0.515,0.515,0.309282,104226.0
2012-10-24,0.515,0.515,0.515,0.515,0.309282,40000.0
2012-10-25,0.515,0.515,0.515,0.515,0.309282,16500.0
2012-10-28,0.515,0.515,0.51,0.51,0.306279,68900.0
2012-10-29,0.515,0.515,0.515,0.515,0.309282,84000.0
2012-10-30,0.515,0.515,0.515,0.515,0.309282,0.0
2012-10-31,0.515,0.515,0.515,0.515,0.309282,18200.0
2012-11-01,0.515,0.515,0.515,0.515,0.309282,0.0
2012-11-04,0.515,0.515,0.515,0.515,0.309282,0.0
2012-11-05,0.515,0.515,0.515,0.515,0.309282,0.0
2012-11-06,0.515,0.515,0.515,0.515,0.309282,0.0
2012-11-07,0.515,0.515,0.51,0.515,0.309282,140000.0
2012-11-08,0.515,0.515,0.505,0.505,0.30327600000000005,30000.0
2012-11-11,0.515,0.515,0.515,0.515,0.309282,110300.0
2012-11-12,0.515,0.515,0.515,0.515,0.309282,40000.0
2012-11-13,0.515,0.515,0.515,0.515,0.309282,4818.0
2012-11-14,0.515,0.515,0.515,0.515,0.309282,5000.0
2012-11-15,0.515,0.515,0.515,0.515,0.309282,0.0
2012-11-18,0.515,0.515,0.515,0.515,0.309282,0.0
2012-11-19,0.51,0.51,0.505,0.505,0.30327600000000005,20000.0
2012-11-20,0.505,0.505,0.505,0.505,0.30327600000000005,5450.0
2012-11-21,0.51,0.51,0.51,0.51,0.306279,16000.0
2012-11-22,0.51,0.51,0.51,0.51,0.306279,0.0
2012-11-25,0.515,0.515,0.515,0.515,0.309282,50000.0
2012-11-26,0.51,0.515,0.505,0.505,0.30327600000000005,121050.0
2012-11-27,0.5,0.505,0.5,0.505,0.30327600000000005,19117.0
2012-11-28,0.505,0.505,0.505,0.505,0.30327600000000005,4533.0
2012-11-29,0.5,0.505,0.48,0.48,0.288263,95467.0
2012-12-02,0.48,0.48,0.48,0.48,0.288263,0.0
2012-12-03,0.48,0.5,0.48,0.5,0.300274,7500.0
2012-12-04,0.5,0.51,0.5,0.51,0.306279,7000.0
2012-12-05,0.51,0.51,0.51,0.51,0.306279,0.0
2012-12-06,0.515,0.515,0.51,0.51,0.306279,5000.0
2012-12-09,0.51,0.51,0.51,0.51,0.306279,0.0
2012-12-10,0.545,0.545,0.525,0.525,0.315287,20650.0
2012-12-11,0.525,0.525,0.525,0.525,0.315287,0.0
2012-12-12,0.52,0.52,0.52,0.52,0.312284,68682.0
2012-12-13,0.53,0.53,0.53,0.53,0.31829,2800.0
2012-12-16,0.53,0.53,0.53,0.53,0.31829,20000.0
2012-12-17,0.545,0.55,0.545,0.55,0.330301,20966.0
2012-12-18,0.55,0.55,0.55,0.55,0.330301,0.0
2012-12-19,0.56,0.575,0.56,0.575,0.345315,51800.0
2012-12-20,0.57,0.57,0.57,0.57,0.342312,3000.0
2012-12-23,0.57,0.57,0.57,0.57,0.342312,13000.0
2012-12-26,0.57,0.58,0.57,0.58,0.348317,32003.0
2012-12-27,0.58,0.58,0.58,0.58,0.348317,0.0
2012-12-30,0.58,0.58,0.58,0.58,0.357113,0.0
2013-01-01,0.58,0.58,0.58,0.58,0.357113,20000.0
2013-01-02,0.58,0.58,0.57,0.57,0.350956,25997.0
2013-01-03,0.57,0.57,0.57,0.57,0.350956,0.0
2013-01-06,0.59,0.59,0.59,0.59,0.36327,63575.0
2013-01-07,0.6,0.6,0.6,0.6,0.369428,31000.0
2013-01-08,0.625,0.645,0.62,0.645,0.397135,6020.0
2013-01-09,0.66,0.7,0.66,0.7,0.430999,36472.0
2013-01-10,0.7,0.7,0.675,0.7,0.430999,49924.0
2013-01-13,0.72,0.76,0.72,0.74,0.4556270000000001,57671.0
2013-01-14,0.71,0.71,0.69,0.7,0.430999,89000.0
2013-01-15,0.7,0.7,0.675,0.675,0.415606,30000.0
2013-01-16,0.69,0.72,0.69,0.7,0.430999,28286.0
2013-01-17,0.7,0.7,0.7,0.7,0.430999,0.0
2013-01-20,0.69,0.69,0.69,0.69,0.424842,31488.0
2013-01-21,0.69,0.69,0.69,0.69,0.424842,13913.0
2013-01-22,0.69,0.69,0.67,0.69,0.424842,24750.0
2013-01-23,0.69,0.69,0.69,0.69,0.424842,20870.0
2013-01-24,0.69,0.69,0.69,0.69,0.424842,0.0
2013-01-28,0.69,0.7,0.67,0.7,0.430999,161887.0
2013-01-29,0.7,0.7,0.7,0.7,0.430999,37913.0
2013-01-30,0.7,0.705,0.7,0.7,0.430999,75000.0
2013-01-31,0.72,0.72,0.7,0.72,0.443313,14500.0
2013-02-03,0.73,0.73,0.7,0.7,0.430999,166141.0
2013-02-04,0.7,0.7,0.7,0.7,0.430999,20000.0
2013-02-05,0.7,0.7,0.7,0.7,0.430999,0.0
2013-02-06,0.7,0.7,0.69,0.69,0.424842,10000.0
2013-02-07,0.73,0.78,0.73,0.77,0.474099,70810.0
2013-02-10,0.78,0.895,0.78,0.8,0.49257,211600.0
2013-02-11,0.835,0.86,0.8,0.84,0.517199,179608.0
2013-02-12,0.865,0.865,0.84,0.84,0.517199,13050.0
2013-02-13,0.835,0.865,0.83,0.865,0.532592,8404.0
2013-02-14,0.86,0.92,0.86,0.9,0.554141,159310.0
2013-02-17,0.93,1.0,0.93,0.98,0.603399,153902.0
2013-02-18,0.99,1.02,0.93,0.97,0.597241,124115.0
2013-02-19,0.97,0.97,0.92,0.92,0.5664560000000001,64005.0
2013-02-20,0.865,0.865,0.82,0.82,0.504884,91067.0
2013-02-21,0.82,0.885,0.775,0.775,0.477177,91380.0
2013-02-24,0.785,0.82,0.78,0.82,0.504884,101213.0
2013-02-25,0.805,0.825,0.8,0.82,0.504884,39281.0
2013-02-26,0.85,0.85,0.8,0.81,0.498727,51083.0
2013-02-27,0.82,0.82,0.8,0.8,0.49257,15000.0
2013-02-28,0.79,0.79,0.75,0.76,0.467942,169734.0
2013-03-03,0.74,0.75,0.65,0.675,0.415606,209972.0
2013-03-04,0.675,0.7,0.675,0.685,0.421763,60259.0
2013-03-05,0.7,0.705,0.695,0.7,0.430999,45203.0
2013-03-06,0.69,0.69,0.69,0.69,0.424842,8975.0
2013-03-07,0.69,0.69,0.675,0.675,0.415606,40039.0
2013-03-10,0.665,0.665,0.61,0.655,0.403292,156289.0
2013-03-11,0.655,0.7,0.655,0.7,0.430999,35899.0
2013-03-12,0.7,0.7,0.68,0.7,0.430999,78587.0
2013-03-13,0.71,0.72,0.7,0.71,0.437156,23166.0
2013-03-14,0.74,0.75,0.74,0.75,0.4617850000000001,3900.0
2013-03-17,0.75,0.755,0.74,0.75,0.4617850000000001,8850.0
2013-03-18,0.79,0.79,0.77,0.78,0.480256,40044.0
2013-03-19,0.78,0.8,0.77,0.8,0.49257,68000.0
2013-03-20,0.8,0.8,0.8,0.8,0.510813,0.0
2013-03-21,0.72,0.72,0.7,0.7,0.446962,10000.0
2013-03-24,0.7,0.7,0.7,0.7,0.446962,0.0
2013-03-25,0.7,0.7,0.7,0.7,0.446962,0.0
2013-03-26,0.74,0.74,0.73,0.74,0.472502,3178.0
2013-03-27,0.74,0.74,0.74,0.74,0.472502,0.0
2013-04-01,0.74,0.75,0.74,0.75,0.478887,800.0
2013-04-02,0.8,0.8,0.8,0.8,0.510813,12203.0
2013-04-03,0.76,0.76,0.76,0.76,0.485272,750.0
2013-04-04,0.75,0.75,0.75,0.75,0.478887,16750.0
2013-04-08,0.78,0.81,0.78,0.81,0.5171979999999999,28845.0
2013-04-09,0.805,0.81,0.75,0.8,0.510813,31213.0
2013-04-10,0.8,0.8,0.8,0.8,0.510813,4837.0
2013-04-11,0.8,0.8,0.8,0.8,0.510813,0.0
2013-04-12,0.78,0.78,0.77,0.78,0.498043,29000.0
2013-04-15,0.8,0.81,0.8,0.81,0.5171979999999999,31615.0
2013-04-16,0.81,0.81,0.81,0.81,0.5171979999999999,0.0
2013-04-17,0.81,0.81,0.81,0.81,0.5171979999999999,0.0
2013-04-18,0.78,0.78,0.77,0.77,0.491658,11400.0
2013-04-19,0.77,0.77,0.77,0.77,0.491658,0.0
2013-04-22,0.77,0.77,0.77,0.77,0.491658,0.0
2013-04-23,0.77,0.77,0.77,0.77,0.491658,0.0
2013-04-24,0.78,0.78,0.78,0.78,0.498043,18180.0
2013-04-26,0.78,0.78,0.7,0.74,0.472502,35490.0
2013-04-29,0.74,0.76,0.72,0.76,0.485272,34325.0
2013-04-30,0.75,0.75,0.75,0.75,0.478887,50000.0
2013-05-01,0.78,0.78,0.78,0.78,0.498043,29800.0
2013-05-02,0.78,0.8,0.78,0.8,0.510813,44837.0
2013-05-03,0.8,0.8,0.8,0.8,0.510813,0.0
2013-05-06,0.8,0.8,0.8,0.8,0.510813,0.0
2013-05-07,0.8,0.81,0.8,0.81,0.5171979999999999,30000.0
2013-05-08,0.82,0.825,0.82,0.825,0.526776,20000.0
2013-05-09,0.825,0.825,0.825,0.825,0.526776,19000.0
2013-05-10,0.82,0.82,0.815,0.815,0.5203909999999999,23000.0
2013-05-13,0.85,0.87,0.845,0.87,0.555509,24372.0
2013-05-14,0.87,0.87,0.85,0.85,0.5427390000000001,11793.0
2013-05-15,0.86,0.86,0.86,0.86,0.549124,10000.0
2013-05-16,0.87,0.915,0.87,0.915,0.5842430000000001,64380.0
2013-05-17,0.915,0.915,0.915,0.915,0.5842430000000001,0.0
2013-05-20,0.915,0.915,0.88,0.88,0.561894,28243.0
2013-05-21,0.89,0.89,0.89,0.89,0.56828,6500.0
2013-05-22,0.89,0.89,0.89,0.89,0.56828,3500.0
2013-05-23,0.91,0.91,0.91,0.91,0.58105,2150.0
2013-05-24,0.89,0.89,0.85,0.86,0.549124,36474.0
2013-05-27,0.86,0.86,0.85,0.85,0.5427390000000001,14000.0
2013-05-28,0.835,0.85,0.835,0.835,0.533161,44735.0
2013-05-29,0.835,0.835,0.835,0.835,0.533161,0.0
2013-05-30,0.82,0.82,0.82,0.82,0.523584,1740.0
2013-05-31,0.82,0.82,0.82,0.82,0.523584,28260.0
2013-06-03,0.82,0.82,0.82,0.82,0.523584,0.0
2013-06-04,0.82,0.875,0.79,0.87,0.555509,29331.0
2013-06-05,0.87,0.89,0.87,0.89,0.56828,24324.0
2013-06-06,0.9,0.9,0.9,0.9,0.574665,1845.0
2013-06-07,0.95,0.96,0.95,0.95,0.606591,33000.0
2013-06-11,0.95,0.97,0.95,0.97,0.6193609999999999,5500.0
2013-06-12,1.01,1.01,1.01,1.01,0.6449020000000001,2777.0
2013-06-13,1.03,1.03,0.96,1.01,0.6449020000000001,11000.0
2013-06-14,1.0,1.0,0.95,0.95,0.606591,7000.0
2013-06-17,0.95,0.95,0.95,0.95,0.606591,0.0
2013-06-18,0.97,0.97,0.96,0.96,0.6129760000000001,3217.0
2013-06-19,0.95,0.95,0.95,0.95,0.606591,34450.0
2013-06-20,0.95,0.95,0.9,0.9,0.574665,2881.0
2013-06-21,0.9,0.9,0.9,0.9,0.574665,0.0
2013-06-24,0.9,0.9,0.9,0.9,0.574665,0.0
2013-06-25,0.9,0.9,0.9,0.9,0.574665,0.0
2013-06-26,0.82,0.83,0.82,0.83,0.5299689999999999,12414.0
2013-06-27,0.73,0.77,0.72,0.77,0.502468,10136.0
2013-06-28,0.79,0.79,0.79,0.79,0.515519,8000.0
2013-07-01,0.79,0.79,0.79,0.79,0.515519,0.0
2013-07-02,0.79,0.79,0.79,0.79,0.515519,0.0
2013-07-03,0.79,0.79,0.79,0.79,0.515519,0.0
2013-07-04,0.89,0.89,0.89,0.89,0.580775,5300.0
2013-07-05,0.82,0.82,0.82,0.82,0.535096,4200.0
2013-07-08,0.82,0.85,0.82,0.85,0.554673,13495.0
2013-07-09,0.85,0.85,0.85,0.85,0.554673,0.0
2013-07-10,0.85,0.85,0.85,0.85,0.554673,0.0
2013-07-11,0.83,0.89,0.83,0.885,0.577512,14561.0
2013-07-12,0.885,0.89,0.885,0.89,0.580775,26000.0
2013-07-15,0.89,0.9,0.85,0.85,0.554673,9814.0
2013-07-16,0.9,0.905,0.9,0.905,0.5905630000000001,23305.0
2013-07-17,0.905,0.905,0.905,0.905,0.5905630000000001,0.0
2013-07-18,0.905,0.905,0.905,0.905,0.5905630000000001,0.0
2013-07-19,0.85,0.85,0.85,0.85,0.554673,4000.0
2013-07-22,0.875,0.88,0.875,0.88,0.574249,10000.0
2013-07-23,0.85,0.85,0.84,0.85,0.554673,21908.0
2013-07-24,0.85,0.85,0.85,0.85,0.554673,0.0
2013-07-25,0.85,0.85,0.85,0.85,0.554673,0.0
2013-07-26,0.85,0.85,0.82,0.82,0.535096,42024.0
2013-07-29,0.87,0.87,0.87,0.87,0.567724,5813.0
2013-07-30,0.87,0.87,0.87,0.87,0.567724,0.0
2013-07-31,0.87,0.87,0.83,0.87,0.567724,11587.0
2013-08-01,0.89,0.9,0.89,0.9,0.5873,2000.0
2013-08-02,0.89,0.9,0.89,0.9,0.5873,51000.0
2013-08-05,0.9,0.9,0.9,0.9,0.5873,0.0
2013-08-06,0.9,0.9,0.9,0.9,0.5873,0.0
2013-08-07,0.89,0.89,0.89,0.89,0.580775,561.0
2013-08-08,0.86,0.86,0.84,0.85,0.554673,20556.0
2013-08-09,0.88,0.88,0.88,0.88,0.574249,7439.0
2013-08-12,0.9,0.9,0.88,0.88,0.574249,4369.0
2013-08-13,0.88,0.88,0.88,0.88,0.574249,0.0
2013-08-14,0.85,0.85,0.85,0.85,0.554673,4000.0
2013-08-15,0.87,0.87,0.85,0.85,0.554673,12123.0
2013-08-16,0.88,0.88,0.88,0.88,0.574249,25000.0
2013-08-19,0.88,0.91,0.88,0.91,0.5938260000000001,20000.0
2013-08-20,0.91,0.91,0.91,0.91,0.5938260000000001,0.0
2013-08-21,0.9,0.9,0.88,0.88,0.574249,38000.0
2013-08-22,0.91,0.91,0.91,0.91,0.5938260000000001,2109.0
2013-08-23,0.91,0.91,0.91,0.91,0.5938260000000001,0.0
2013-08-26,0.91,0.92,0.91,0.92,0.600352,16281.0
2013-08-27,0.92,0.92,0.92,0.92,0.600352,0.0
2013-08-28,0.92,0.92,0.92,0.92,0.600352,0.0
2013-08-29,0.9,0.9,0.9,0.9,0.5873,13939.0
2013-08-30,0.9,0.9,0.9,0.9,0.5873,0.0
2013-09-02,0.92,0.92,0.92,0.92,0.600352,8619.0
2013-09-03,0.92,0.92,0.9,0.9,0.5873,17620.0
2013-09-04,0.9,0.92,0.9,0.92,0.600352,4145.0
2013-09-05,0.91,0.91,0.91,0.91,0.5938260000000001,11980.0
2013-09-06,0.91,0.91,0.91,0.91,0.5938260000000001,0.0
2013-09-09,0.91,0.91,0.91,0.91,0.5938260000000001,0.0
2013-09-10,0.91,0.91,0.91,0.91,0.5938260000000001,0.0
2013-09-11,0.9,0.9,0.9,0.9,0.5873,30119.0
2013-09-12,0.9,0.9,0.9,0.9,0.5873,3175.0
2013-09-13,0.9,0.9,0.9,0.9,0.5873,12825.0
2013-09-16,0.85,0.88,0.85,0.88,0.574249,27500.0
2013-09-17,0.88,0.88,0.88,0.88,0.574249,11755.0
2013-09-18,0.89,0.89,0.88,0.88,0.574249,8375.0
2013-09-19,0.9,0.9,0.88,0.88,0.574249,18400.0
2013-09-20,0.9,0.92,0.9,0.92,0.600352,34730.0
2013-09-23,0.93,0.93,0.93,0.93,0.606877,6500.0
2013-09-24,0.93,0.93,0.93,0.93,0.606877,0.0
2013-09-25,0.93,0.93,0.93,0.93,0.633644,0.0
2013-09-26,0.93,0.93,0.93,0.93,0.633644,1075.0
2013-09-27,0.92,0.92,0.92,0.92,0.626831,900.0
2013-09-30,0.9,0.9,0.9,0.9,0.613204,20000.0
2013-10-01,0.9,0.9,0.89,0.9,0.613204,14599.0
2013-10-02,0.87,0.92,0.87,0.9,0.613204,60001.0
2013-10-03,0.9,0.9,0.9,0.9,0.613204,0.0
2013-10-04,0.88,0.88,0.88,0.88,0.599577,5000.0
2013-10-06,0.9,0.9,0.89,0.89,0.606391,18000.0
2013-10-07,0.9,0.9,0.875,0.875,0.59617,55730.0
2013-10-08,0.875,0.9,0.875,0.88,0.599577,5795.0
2013-10-09,0.88,0.88,0.87,0.88,0.599577,30000.0
2013-10-10,0.88,0.88,0.88,0.88,0.599577,0.0
2013-10-13,0.9,0.9,0.9,0.9,0.613204,3000.0
2013-10-14,0.91,0.91,0.9,0.9,0.613204,11500.0
2013-10-15,0.9,0.9,0.9,0.9,0.613204,4500.0
2013-10-16,0.91,0.91,0.9,0.9,0.613204,12700.0
2013-10-17,0.91,0.91,0.91,0.91,0.620017,20000.0
2013-10-20,0.9,0.91,0.9,0.91,0.620017,46725.0
2013-10-21,0.92,0.92,0.91,0.92,0.626831,27430.0
2013-10-22,0.93,0.93,0.91,0.93,0.633644,67145.0
2013-10-23,0.95,0.95,0.95,0.95,0.647271,3000.0
2013-10-24,0.95,0.95,0.95,0.95,0.647271,3000.0
2013-10-27,0.955,0.955,0.955,0.955,0.6506770000000001,4000.0
2013-10-28,0.955,0.955,0.955,0.955,0.6506770000000001,0.0
2013-10-29,0.995,0.995,0.96,0.96,0.654084,14003.0
2013-10-30,0.96,0.96,0.96,0.96,0.654084,0.0
2013-10-31,0.99,0.99,0.99,0.99,0.674524,10000.0
2013-11-03,0.99,0.99,0.99,0.99,0.674524,0.0
2013-11-04,0.99,0.99,0.99,0.99,0.674524,1450.0
2013-11-05,0.99,0.99,0.99,0.99,0.674524,0.0
2013-11-06,0.99,0.995,0.98,0.995,0.6779310000000001,18570.0
2013-11-07,0.995,1.02,0.995,1.02,0.694964,44800.0
2013-11-10,1.02,1.02,1.02,1.02,0.694964,0.0
2013-11-11,1.02,1.03,1.005,1.005,0.6847439999999999,20740.0
2013-11-12,1.005,1.005,1.005,1.005,0.6847439999999999,7500.0
2013-11-13,1.005,1.005,1.005,1.005,0.6847439999999999,0.0
2013-11-14,1.005,1.005,0.98,0.98,0.6677109999999999,36982.0
2013-11-17,0.99,0.99,0.99,0.99,0.674524,9686.0
2013-11-18,0.98,0.98,0.95,0.95,0.647271,44252.0
2013-11-19,0.93,0.93,0.93,0.93,0.633644,10000.0
2013-11-20,0.9,0.9,0.9,0.9,0.613204,1053.0
2013-11-21,0.91,0.97,0.91,0.95,0.647271,29760.0
2013-11-24,0.97,0.97,0.96,0.97,0.660898,30242.0
2013-11-25,0.97,0.97,0.97,0.97,0.660898,2000.0
2013-11-26,0.96,0.96,0.96,0.96,0.654084,4030.0
2013-11-27,0.94,0.94,0.94,0.94,0.6404569999999999,30542.0
2013-11-28,0.93,0.93,0.93,0.93,0.633644,9500.0
2013-12-01,0.94,0.95,0.94,0.95,0.647271,29700.0
2013-12-02,0.945,0.95,0.945,0.95,0.647271,15000.0
2013-12-03,0.95,0.95,0.95,0.95,0.647271,4738.0
2013-12-04,0.94,0.94,0.92,0.92,0.626831,40000.0
2013-12-05,0.925,0.925,0.92,0.92,0.626831,15000.0
2013-12-08,0.92,0.92,0.92,0.92,0.626831,0.0
2013-12-09,0.92,0.92,0.92,0.92,0.626831,0.0
2013-12-10,0.92,0.92,0.92,0.92,0.626831,0.0
2013-12-11,0.92,0.92,0.9,0.9,0.613204,29000.0
2013-12-12,0.9,0.9,0.9,0.9,0.613204,0.0
2013-12-15,0.92,0.93,0.92,0.93,0.633644,3700.0
2013-12-16,0.94,0.94,0.94,0.94,0.6404569999999999,10000.0
2013-12-17,0.94,0.94,0.94,0.94,0.6404569999999999,0.0
2013-12-18,0.94,0.94,0.94,0.94,0.6404569999999999,0.0
2013-12-19,0.95,0.95,0.95,0.95,0.647271,9700.0
2013-12-22,0.97,1.0,0.97,1.0,0.681338,3150.0
2013-12-23,1.0,1.0,0.95,0.95,0.647271,11050.0
2013-12-26,0.95,0.95,0.95,0.95,0.647271,36628.0
2013-12-29,0.975,0.975,0.94,0.94,0.6502359999999999,3100.0
2013-12-30,0.94,0.94,0.94,0.94,0.6502359999999999,0.0
2014-01-01,0.94,0.96,0.94,0.95,0.657153,4084.0
2014-01-02,0.955,0.955,0.955,0.955,0.660612,1000.0
2014-01-05,0.96,0.96,0.95,0.955,0.660612,43004.0
2014-01-06,0.955,1.0,0.955,1.0,0.6917399999999999,26500.0
2014-01-07,1.0,1.0,1.0,1.0,0.6917399999999999,0.0
2014-01-08,1.0,1.0,1.0,1.0,0.6917399999999999,0.0
2014-01-09,1.0,1.0,1.0,1.0,0.6917399999999999,0.0
2014-01-12,1.0,1.0,1.0,1.0,0.6917399999999999,0.0
2014-01-13,0.995,0.995,0.995,0.995,0.688281,507.0
2014-01-14,0.995,0.995,0.995,0.995,0.688281,1000.0
2014-01-15,0.995,0.995,0.995,0.995,0.688281,0.0
2014-01-16,0.995,0.995,0.995,0.995,0.688281,0.0
2014-01-19,0.99,1.0,0.975,0.975,0.674446,35000.0
2014-01-20,0.975,0.975,0.975,0.975,0.674446,6000.0
2014-01-21,0.97,0.97,0.97,0.97,0.670988,21459.0
2014-01-22,0.97,0.97,0.97,0.97,0.670988,0.0
2014-01-23,0.97,0.97,0.97,0.97,0.670988,0.0
2014-01-27,0.97,0.97,0.95,0.95,0.657153,27135.0
2014-01-28,0.96,0.96,0.94,0.94,0.6502359999999999,16100.0
2014-01-29,0.94,0.94,0.94,0.94,0.6502359999999999,0.0
2014-01-30,0.94,0.94,0.94,0.94,0.6502359999999999,6000.0
2014-02-02,0.94,0.94,0.94,0.94,0.6502359999999999,20563.0
2014-02-03,0.965,1.01,0.95,1.01,0.698657,60873.0
2014-02-04,1.01,1.01,1.01,1.01,0.698657,20000.0
2014-02-05,0.955,0.97,0.955,0.97,0.670988,4500.0
2014-02-06,1.0,1.02,1.0,1.02,0.705575,37377.0
2014-02-09,1.02,1.04,1.02,1.04,0.719409,33800.0
2014-02-10,1.03,1.19,1.03,1.19,0.8231709999999999,78516.0
2014-02-11,1.19,1.35,1.18,1.35,0.933849,148141.0
2014-02-12,1.35,1.435,1.34,1.4,0.968436,42650.0
2014-02-13,1.4,1.4,1.26,1.28,0.8854270000000001,88833.0
2014-02-16,1.26,1.26,1.22,1.235,0.854299,5200.0
2014-02-17,1.23,1.25,1.23,1.245,0.861216,13250.0
2014-02-18,1.245,1.27,1.235,1.27,0.87851,25506.0
2014-02-19,1.285,1.34,1.285,1.34,0.926931,22400.0
2014-02-20,1.37,1.375,1.285,1.285,0.8888860000000001,55419.0
2014-02-23,1.24,1.24,1.2,1.2,0.8300879999999999,1740.0
2014-02-24,1.215,1.24,1.215,1.24,0.857758,9586.0
2014-02-25,1.24,1.24,1.24,1.24,0.857758,0.0
2014-02-26,1.21,1.21,1.2,1.21,0.8370049999999999,14260.0
2014-02-27,1.21,1.21,1.175,1.175,0.8127939999999999,14500.0
2014-03-02,1.16,1.16,1.16,1.16,0.8024180000000001,12200.0
2014-03-03,1.16,1.16,1.16,1.16,0.8024180000000001,0.0
2014-03-04,1.16,1.16,1.16,1.16,0.8024180000000001,10000.0
2014-03-05,1.16,1.16,1.16,1.16,0.8024180000000001,0.0
2014-03-06,1.21,1.3,1.2,1.2,0.8300879999999999,51694.0
2014-03-09,1.34,1.34,1.275,1.3,0.8992620000000001,10394.0
2014-03-10,1.34,1.355,1.29,1.3,0.8992620000000001,63690.0
2014-03-11,1.35,1.35,1.35,1.35,0.933849,5400.0
2014-03-12,1.305,1.305,1.28,1.28,0.8854270000000001,127202.0
2014-03-13,1.35,1.35,1.3,1.3,0.8992620000000001,118460.0
2014-03-16,1.31,1.31,1.31,1.31,0.906179,18000.0
2014-03-17,1.365,1.365,1.35,1.35,0.933849,15000.0
2014-03-18,1.35,1.35,1.35,1.35,0.933849,10000.0
2014-03-19,1.325,1.325,1.29,1.3,0.8992620000000001,47095.0
2014-03-20,1.39,1.39,1.335,1.35,0.933849,19466.0
2014-03-23,1.35,1.35,1.35,1.35,0.933849,0.0
2014-03-24,1.31,1.31,1.3,1.3,0.8992620000000001,21388.0
2014-03-25,1.25,1.265,1.25,1.25,0.864675,48571.0
2014-03-26,1.38,1.395,1.35,1.395,0.964977,21934.0
2014-03-27,1.4,1.45,1.4,1.45,1.003023,53632.0
2014-03-30,1.45,1.5,1.445,1.5,1.03761,33658.0
2014-03-31,1.5,1.52,1.5,1.52,1.051445,15666.0
2014-04-01,1.54,1.68,1.535,1.62,1.120619,25300.0
2014-04-02,1.76,1.87,1.76,1.86,1.286636,19264.0
2014-04-03,1.86,1.88,1.75,1.75,1.210545,40584.0
2014-04-07,1.75,1.75,1.7,1.75,1.210545,26850.0
2014-04-08,1.705,1.705,1.62,1.62,1.120619,21584.0
2014-04-09,1.625,1.625,1.6,1.6,1.106784,21052.0
2014-04-10,1.6,1.6,1.6,1.6,1.106784,7500.0
2014-04-11,1.55,1.55,1.52,1.52,1.051445,16200.0
2014-04-14,1.5,1.5,1.35,1.365,0.944225,42134.0
2014-04-15,1.44,1.47,1.4,1.4,0.968436,39010.0
2014-04-16,1.4,1.4,1.4,1.4,0.968436,0.0
2014-04-17,1.43,1.6,1.43,1.6,1.106784,29150.0
2014-04-22,1.6,1.65,1.6,1.65,1.141371,3115.0
2014-04-23,1.8,1.8,1.68,1.68,1.162123,7912.0
2014-04-24,1.68,1.68,1.68,1.68,1.162123,2279.0
2014-04-28,1.68,1.68,1.68,1.68,1.162123,0.0
2014-04-29,1.68,1.775,1.68,1.775,1.227838,29316.0
2014-04-30,1.7,1.7,1.68,1.7,1.175958,20641.0
2014-05-01,1.7,1.7,1.645,1.65,1.141371,14968.0
2014-05-02,1.505,1.57,1.505,1.57,1.086032,5099.0
2014-05-05,1.635,1.635,1.6,1.6,1.106784,4599.0
2014-05-06,1.625,1.625,1.6,1.6,1.106784,5000.0
2014-05-07,1.6,1.6,1.6,1.6,1.106784,975.0
2014-05-08,1.55,1.65,1.55,1.65,1.141371,23000.0
2014-05-09,1.62,1.62,1.62,1.62,1.120619,10000.0
2014-05-12,1.62,1.62,1.6,1.6,1.106784,2400.0
2014-05-13,1.58,1.58,1.5,1.5,1.03761,15000.0
2014-05-14,1.59,1.59,1.55,1.55,1.0721969999999998,7600.0
2014-05-15,1.51,1.51,1.5,1.5,1.03761,18900.0
2014-05-16,1.5,1.5,1.5,1.5,1.03761,1768.0
2014-05-19,1.54,1.59,1.52,1.59,1.099867,14600.0
2014-05-20,1.5,1.5,1.5,1.5,1.03761,5000.0
2014-05-21,1.67,1.67,1.6,1.6,1.114212,16497.0
2014-05-22,1.65,1.65,1.65,1.65,1.149031,5000.0
2014-05-23,1.78,1.78,1.65,1.68,1.169922,25294.0
2014-05-26,1.67,1.69,1.64,1.69,1.176886,7496.0
2014-05-27,1.69,1.69,1.6,1.6,1.114212,18020.0
2014-05-28,1.63,1.69,1.63,1.69,1.176886,10500.0
2014-05-29,1.6,1.6,1.6,1.6,1.114212,21142.0
2014-05-30,1.55,1.55,1.55,1.55,1.079393,3125.0
2014-06-02,1.6,1.64,1.6,1.64,1.142067,4115.0
2014-06-03,1.64,1.64,1.64,1.64,1.142067,305.0
2014-06-04,1.6,1.6,1.595,1.595,1.11073,13100.0
2014-06-05,1.6,1.64,1.6,1.6,1.114212,7655.0
2014-06-06,1.6,1.6,1.6,1.6,1.114212,0.0
2014-06-10,1.6,1.7,1.6,1.7,1.18385,50000.0
2014-06-11,1.615,1.65,1.6,1.65,1.149031,38609.0
2014-06-12,1.65,1.65,1.65,1.65,1.149031,0.0
2014-06-13,1.58,1.6,1.55,1.6,1.114212,15926.0
2014-06-16,1.595,1.595,1.595,1.595,1.11073,1237.0
2014-06-17,1.595,1.6,1.58,1.58,1.100284,9795.0
2014-06-18,1.6,1.6,1.55,1.6,1.114212,17970.0
2014-06-19,1.6,1.6,1.6,1.6,1.114212,2000.0
2014-06-20,1.6,1.6,1.6,1.6,1.114212,0.0
2014-06-23,1.59,1.59,1.55,1.55,1.079393,3915.0
2014-06-24,1.55,1.55,1.55,1.55,1.079393,0.0
2014-06-25,1.55,1.55,1.53,1.53,1.065465,10009.0
2014-06-26,1.55,1.55,1.55,1.55,1.079393,5000.0
2014-06-27,1.555,1.555,1.5,1.5,1.044574,15798.0
2014-06-30,1.5,1.5,1.5,1.5,1.044574,0.0
2014-07-01,1.5,1.5,1.5,1.5,1.044574,0.0
2014-07-02,1.5,1.5,1.5,1.5,1.044574,0.0
2014-07-03,1.5,1.5,1.48,1.48,1.030646,12000.0
2014-07-04,1.5,1.5,1.5,1.5,1.044574,2673.0
2014-07-07,1.45,1.45,1.45,1.45,1.009755,11000.0
2014-07-08,1.6,1.7,1.6,1.6,1.114212,140803.0
2014-07-09,1.64,1.64,1.64,1.64,1.142067,27412.0
2014-07-10,1.68,1.68,1.68,1.68,1.169922,1500.0
2014-07-11,1.675,1.68,1.675,1.68,1.169922,8059.0
2014-07-14,1.68,1.68,1.67,1.67,1.162959,4555.0
2014-07-15,1.645,1.645,1.64,1.64,1.142067,20742.0
2014-07-16,1.64,1.64,1.6,1.6,1.114212,18769.0
2014-07-17,1.6,1.6,1.6,1.6,1.114212,3000.0
2014-07-18,1.6,1.6,1.6,1.6,1.114212,10570.0
2014-07-21,1.6,1.6,1.6,1.6,1.114212,0.0
2014-07-22,1.67,1.73,1.67,1.72,1.197778,122617.0
2014-07-23,1.72,1.79,1.72,1.77,1.232597,19577.0
2014-07-24,1.79,1.85,1.79,1.85,1.288308,22245.0
2014-07-25,1.85,1.86,1.85,1.86,1.2952709999999998,33514.0
2014-07-28,1.865,1.865,1.865,1.865,1.298753,4986.0
2014-07-29,1.87,1.87,1.87,1.87,1.302235,2000.0
2014-07-30,1.87,1.87,1.87,1.87,1.3072290000000002,0.0
2014-07-31,1.87,1.88,1.87,1.88,1.314219,6200.0
2014-08-01,1.88,1.95,1.85,1.95,1.363153,22925.0
2014-08-04,1.95,1.95,1.8,1.8,1.2582950000000002,12780.0
2014-08-05,1.94,1.97,1.94,1.97,1.377134,15000.0
2014-08-06,1.89,1.89,1.81,1.81,1.265285,13000.0
2014-08-07,1.815,1.815,1.8,1.81,1.265285,26544.0
2014-08-08,1.8,1.8,1.75,1.8,1.2582950000000002,35910.0
2014-08-11,1.82,1.82,1.82,1.82,1.272276,2828.0
2014-08-12,1.82,1.82,1.82,1.82,1.272276,0.0
2014-08-13,1.79,1.79,1.79,1.79,1.2513040000000002,2780.0
2014-08-14,1.77,1.795,1.77,1.795,1.2548,6012000.0
2014-08-15,1.775,1.775,1.73,1.73,1.209361,14123.0
2014-08-18,1.8,1.84,1.76,1.8,1.2582950000000002,20857.0
2014-08-19,1.8,1.8,1.75,1.8,1.2582950000000002,23841.0
2014-08-20,1.795,1.795,1.75,1.765,1.233828,14255.0
2014-08-21,1.75,1.795,1.715,1.785,1.247809,11335.0
2014-08-22,1.785,1.785,1.785,1.785,1.247809,28.0
2014-08-25,1.78,1.81,1.78,1.81,1.265285,47484.0
2014-08-26,1.77,1.81,1.77,1.81,1.265285,6338.0
2014-08-27,1.81,1.81,1.8,1.8,1.2582950000000002,23351.0
2014-08-28,1.8,1.82,1.75,1.82,1.272276,54247.0
2014-08-29,1.8,1.82,1.8,1.82,1.272276,3054.0
2014-09-01,1.8,1.81,1.75,1.8,1.2582950000000002,63584.0
2014-09-02,1.8,1.8,1.765,1.765,1.233828,20307.0
2014-09-03,1.79,1.795,1.79,1.795,1.2548,1876.0
2014-09-04,1.79,1.79,1.79,1.79,1.2513040000000002,725027.0
2014-09-05,1.75,1.755,1.75,1.75,1.223342,11522.0
2014-09-08,1.73,1.75,1.65,1.73,1.209361,27835.0
2014-09-09,1.73,1.73,1.73,1.73,1.209361,28.0
2014-09-10,1.71,1.71,1.71,1.71,1.19538,1250.0
2014-09-11,1.73,1.79,1.72,1.79,1.2513040000000002,58374.0
2014-09-12,1.78,1.8,1.76,1.8,1.2582950000000002,26234.0
2014-09-15,1.75,1.75,1.72,1.72,1.202371,13917.0
2014-09-16,1.72,1.77,1.72,1.725,1.205866,4659.0
2014-09-17,1.725,1.725,1.725,1.725,1.205866,1000.0
2014-09-18,1.72,1.72,1.72,1.72,1.202371,14455.0
2014-09-19,1.75,1.75,1.72,1.72,1.202371,555.0
2014-09-22,1.72,1.72,1.72,1.72,1.202371,29.0
2014-09-23,1.72,1.72,1.63,1.69,1.199835,22667.0
2014-09-24,1.7,1.7,1.68,1.68,1.192736,15947.0
2014-09-25,1.68,1.68,1.68,1.68,1.192736,29.0
2014-09-26,1.7,1.7,1.68,1.68,1.192736,44721.0
2014-09-29,1.66,1.66,1.6,1.6,1.135939,18011.0
2014-09-30,1.66,1.66,1.6,1.6,1.135939,364.0
2014-10-01,1.6,1.605,1.6,1.605,1.139489,15050.0
2014-10-02,1.6,1.63,1.6,1.63,1.157238,46398.0
2014-10-03,1.65,1.665,1.65,1.665,1.182086,15000.0
2014-10-05,1.685,1.685,1.685,1.685,1.196285,13697.0
2014-10-06,1.685,1.72,1.685,1.72,1.221134,18596.0
2014-10-07,1.72,1.72,1.72,1.72,1.221134,0.0
2014-10-08,1.685,1.685,1.665,1.68,1.192736,10249.0
2014-10-09,1.68,1.7,1.65,1.66,1.1785370000000002,72580.0
2014-10-12,1.65,1.65,1.65,1.65,1.171437,16200.0
2014-10-13,1.63,1.65,1.63,1.65,1.171437,3800.0
2014-10-14,1.65,1.65,1.65,1.65,1.171437,4000.0
2014-10-15,1.64,1.64,1.55,1.55,1.100441,83009.0
2014-10-16,1.53,1.53,1.53,1.53,1.086242,20680.0
2014-10-19,1.58,1.58,1.575,1.575,1.11819,2817.0
2014-10-20,1.57,1.61,1.57,1.6,1.135939,35360.0
2014-10-21,1.6,1.6,1.6,1.6,1.135939,0.0
2014-10-22,1.56,1.56,1.56,1.56,1.10754,5000.0
2014-10-23,1.56,1.56,1.56,1.56,1.10754,0.0
2014-10-26,1.57,1.61,1.57,1.61,1.143039,34347.0
2014-10-27,1.6,1.61,1.56,1.56,1.10754,18569.0
2014-10-28,1.6,1.65,1.6,1.635,1.160788,36835.0
2014-10-29,1.61,1.75,1.61,1.71,1.214035,103988.0
2014-10-30,1.72,1.725,1.7,1.725,1.224684,12247.0
2014-11-02,1.735,1.75,1.735,1.75,1.242433,33619.0
2014-11-03,1.71,1.73,1.69,1.73,1.228234,13023.0
2014-11-04,1.73,1.73,1.73,1.73,1.228234,0.0
2014-11-05,1.695,1.73,1.665,1.72,1.221134,14211.0
2014-11-06,1.695,1.73,1.695,1.72,1.221134,5555.0
2014-11-09,1.72,1.72,1.675,1.675,1.189186,14502.0
2014-11-10,1.675,1.7,1.665,1.67,1.185636,10753.0
2014-11-11,1.69,1.69,1.67,1.67,1.185636,5592.0
2014-11-12,1.68,1.725,1.68,1.705,1.210485,45839.0
2014-11-13,1.705,1.71,1.705,1.705,1.210485,9439.0
2014-11-16,1.705,1.72,1.705,1.705,1.210485,22922.0
2014-11-17,1.72,1.72,1.705,1.705,1.210485,4361.0
2014-11-18,1.715,1.725,1.715,1.715,1.217585,28288.0
2014-11-19,1.715,1.715,1.65,1.65,1.171437,81027.0
2014-11-20,1.65,1.65,1.62,1.65,1.171437,44863.0
2014-11-23,1.65,1.66,1.64,1.65,1.171437,38279.0
2014-11-24,1.65,1.65,1.65,1.65,1.171437,63000.0
2014-11-25,1.65,1.65,1.65,1.65,1.171437,26500.0
2014-11-26,1.65,1.66,1.65,1.66,1.1785370000000002,160068.0
2014-11-27,1.7,1.7,1.7,1.7,1.206935,2500.0
2014-11-30,1.67,1.68,1.665,1.68,1.192736,21653.0
2014-12-01,1.66,1.66,1.64,1.64,1.1643370000000002,14817.0
2014-12-02,1.68,1.68,1.68,1.68,1.192736,1000.0
2014-12-03,1.645,1.66,1.645,1.66,1.1785370000000002,16374.0
2014-12-04,1.66,1.66,1.66,1.66,1.1785370000000002,0.0
2014-12-07,1.68,1.68,1.66,1.66,1.1785370000000002,31622.0
2014-12-08,1.65,1.66,1.64,1.66,1.1785370000000002,39688.0
2014-12-09,1.66,1.66,1.66,1.66,1.1785370000000002,1000.0
2014-12-10,1.65,1.65,1.6,1.65,1.171437,11000.0
2014-12-11,1.65,1.65,1.65,1.65,1.171437,11000.0
2014-12-14,1.65,1.65,1.65,1.65,1.171437,0.0
2014-12-15,1.6,1.6,1.6,1.6,1.135939,10000.0
2014-12-16,1.6,1.6,1.6,1.6,1.156613,9400.0
2014-12-17,1.6,1.6,1.6,1.6,1.156613,0.0
2014-12-18,1.6,1.6,1.6,1.6,1.156613,8986.0
2014-12-21,1.65,1.65,1.63,1.63,1.1783,23000.0
2014-12-22,1.61,1.61,1.61,1.61,1.163842,22692.0
2014-12-23,1.61,1.61,1.61,1.61,1.163842,0.0
2014-12-28,1.61,1.61,1.55,1.55,1.1204690000000002,6673.0
2014-12-29,1.59,1.59,1.59,1.59,1.149384,2617.0
2014-12-30,1.59,1.59,1.57,1.57,1.134927,3178.0
2015-01-01,1.57,1.57,1.57,1.57,1.134927,0.0
2015-01-04,1.61,1.63,1.61,1.63,1.1783,18830.0
2015-01-05,1.63,1.63,1.63,1.63,1.1783,0.0
2015-01-06,1.63,1.63,1.63,1.63,1.1783,0.0
2015-01-07,1.63,1.63,1.63,1.63,1.1783,22613.0
2015-01-08,1.63,1.63,1.56,1.59,1.149384,24949.0
2015-01-11,1.59,1.59,1.59,1.59,1.149384,0.0
2015-01-12,1.59,1.59,1.59,1.59,1.149384,0.0
2015-01-13,1.62,1.62,1.62,1.62,1.171071,2292.0
2015-01-14,1.6,1.6,1.6,1.6,1.156613,1000.0
2015-01-15,1.55,1.63,1.54,1.63,1.1783,23718.0
2015-01-18,1.63,1.63,1.63,1.63,1.1783,6000.0
2015-01-19,1.63,1.63,1.63,1.63,1.1783,4000.0
2015-01-20,1.6,1.6,1.6,1.6,1.156613,5000.0
2015-01-21,1.63,1.63,1.63,1.63,1.1783,31380.0
2015-01-22,1.6,1.6,1.6,1.6,1.156613,15000.0
2015-01-26,1.6,1.6,1.59,1.59,1.149384,51000.0
2015-01-27,1.59,1.59,1.56,1.59,1.149384,7344.0
2015-01-28,1.59,1.59,1.59,1.59,1.149384,0.0
2015-01-29,1.62,1.62,1.61,1.61,1.163842,34750.0
2015-02-01,1.61,1.61,1.61,1.61,1.163842,13051.0
2015-02-02,1.61,1.61,1.61,1.61,1.163842,0.0
2015-02-03,1.61,1.61,1.61,1.61,1.163842,0.0
2015-02-04,1.61,1.63,1.61,1.63,1.1783,70040.0
2015-02-05,1.63,1.68,1.63,1.68,1.214444,17501.0
2015-02-08,1.68,1.68,1.68,1.68,1.214444,0.0
2015-02-09,1.68,1.68,1.68,1.68,1.214444,0.0
2015-02-10,1.65,1.71,1.62,1.71,1.23613,16100.0
2015-02-11,1.71,1.74,1.71,1.74,1.257817,45254.0
2015-02-12,1.76,1.76,1.76,1.76,1.272275,4706.0
2015-02-15,1.78,1.85,1.76,1.85,1.337334,21334.0
2015-02-16,1.85,1.85,1.85,1.85,1.337334,0.0
2015-02-17,1.83,1.83,1.82,1.82,1.315648,427.0
2015-02-18,1.82,1.82,1.82,1.82,1.315648,6156.0
2015-02-19,1.8,1.8,1.76,1.76,1.272275,20259.0
2015-02-22,1.76,1.76,1.76,1.76,1.272275,0.0
2015-02-23,1.76,1.76,1.675,1.675,1.2108290000000002,9899.0
2015-02-24,1.69,1.69,1.69,1.69,1.221673,7000.0
2015-02-25,1.69,1.82,1.69,1.82,1.315648,4500.0
2015-02-26,1.82,1.82,1.82,1.82,1.315648,0.0
2015-03-01,1.8,1.8,1.325,1.68,1.214444,403978.0
2015-03-02,1.69,1.69,1.61,1.61,1.163842,43828.0
2015-03-03,1.61,1.65,1.61,1.65,1.192757,12172.0
2015-03-04,1.61,1.61,1.61,1.61,1.163842,7828.0
2015-03-05,1.61,1.65,1.61,1.65,1.192757,5722.0
2015-03-08,1.65,1.65,1.65,1.65,1.192757,0.0
2015-03-09,1.65,1.65,1.65,1.65,1.192757,0.0
2015-03-10,1.65,1.65,1.65,1.65,1.192757,0.0
2015-03-11,1.65,1.65,1.65,1.65,1.192757,0.0
2015-03-12,1.65,1.65,1.65,1.65,1.192757,0.0
2015-03-15,1.65,1.65,1.58,1.58,1.142156,11395.0
2015-03-16,1.58,1.58,1.58,1.58,1.142156,8250.0
2015-03-17,1.58,1.58,1.57,1.57,1.134927,14564.0
2015-03-18,1.57,1.57,1.57,1.57,1.134927,0.0
2015-03-19,1.57,1.57,1.57,1.57,1.134927,0.0
2015-03-22,1.63,1.63,1.58,1.58,1.163326,6150.0
2015-03-23,1.6,1.7,1.55,1.7,1.25168,57479.0
2015-03-24,1.65,1.65,1.65,1.65,1.214866,5000.0
2015-03-25,1.65,1.65,1.64,1.65,1.214866,30000.0
2015-03-26,1.65,1.65,1.64,1.64,1.207503,13100.0
2015-03-29,1.64,1.7,1.64,1.695,1.247998,21099.0
2015-03-30,1.64,1.64,1.64,1.64,1.207503,139000.0
2015-03-31,1.64,1.64,1.64,1.64,1.207503,0.0
2015-04-01,1.66,1.66,1.66,1.66,1.222229,102.0
2015-04-07,1.66,1.72,1.66,1.7,1.25168,15900.0
2015-04-08,1.66,1.66,1.6,1.615,1.189096,16497.0
2015-04-09,1.62,1.7,1.62,1.7,1.25168,1809.0
2015-04-10,1.7,1.7,1.7,1.7,1.25168,1300.0
2015-04-13,1.7,1.7,1.7,1.7,1.25168,0.0
2015-04-14,1.68,1.7,1.68,1.7,1.25168,49170.0
2015-04-15,1.7,1.7,1.7,1.7,1.25168,705.0
2015-04-16,1.68,1.695,1.68,1.695,1.247998,7057.0
2015-04-17,1.68,1.68,1.68,1.68,1.236954,18562.0
2015-04-20,1.68,1.68,1.68,1.68,1.236954,1300.0
2015-04-21,1.68,1.68,1.68,1.68,1.236954,0.0
2015-04-22,1.68,1.68,1.68,1.68,1.236954,0.0
2015-04-23,1.72,1.74,1.72,1.73,1.273768,21368.0
2015-04-24,1.74,1.74,1.71,1.74,1.281131,19939.0
2015-04-27,1.78,1.91,1.78,1.91,1.406299,71047.0
2015-04-28,1.91,1.91,1.9,1.9,1.398936,3671.0
2015-04-29,1.825,1.825,1.805,1.805,1.328989,1824.0
2015-04-30,1.805,1.89,1.805,1.89,1.391574,6799.0
2015-05-01,1.825,1.825,1.825,1.825,1.343715,440.0
2015-05-04,1.83,1.83,1.825,1.825,1.343715,4800.0
2015-05-05,1.86,1.86,1.86,1.86,1.369485,500.0
2015-05-06,1.845,1.86,1.845,1.86,1.369485,5900.0
2015-05-07,1.805,1.805,1.8,1.8,1.325308,26079.0
2015-05-08,1.8,1.8,1.8,1.8,1.325308,597.0
2015-05-11,1.81,1.81,1.8,1.8,1.325308,4000.0
2015-05-12,1.8,1.8,1.8,1.8,1.325308,0.0
2015-05-13,1.86,1.86,1.86,1.86,1.369485,10723.0
2015-05-14,1.89,1.9,1.88,1.9,1.398936,39773.0
2015-05-15,1.9,1.91,1.86,1.91,1.406299,12700.0
2015-05-18,1.91,1.91,1.91,1.91,1.406299,10081.0
2015-05-19,1.92,1.92,1.91,1.92,1.413662,67225.0
2015-05-20,1.91,1.915,1.91,1.915,1.409981,15000.0
2015-05-21,1.92,1.92,1.92,1.92,1.413662,13150.0
2015-05-22,1.92,1.92,1.92,1.92,1.413662,32000.0
2015-05-25,1.92,1.92,1.92,1.92,1.413662,12100.0
2015-05-26,1.92,1.92,1.92,1.92,1.413662,4505.0
2015-05-27,1.9,1.9,1.85,1.86,1.369485,41000.0
2015-05-28,1.88,1.885,1.88,1.88,1.38421,40400.0
2015-05-29,1.92,1.92,1.92,1.92,1.413662,11518.0
2015-06-01,1.93,1.95,1.93,1.95,1.43575,13486.0
2015-06-02,1.95,1.95,1.95,1.95,1.43575,500.0
2015-06-03,1.95,1.95,1.94,1.94,1.428388,9294.0
2015-06-04,1.93,1.93,1.92,1.92,1.413662,17640.0
2015-06-05,1.92,1.93,1.92,1.93,1.421025,15862.0
2015-06-09,1.93,1.93,1.905,1.92,1.413662,11775.0
2015-06-10,1.94,1.97,1.94,1.97,1.450476,25250.0
2015-06-11,1.97,1.97,1.97,1.97,1.450476,11757.0
2015-06-12,1.975,1.975,1.97,1.97,1.450476,615.0
2015-06-15,1.935,1.99,1.9,1.9,1.426873,2130.0
2015-06-16,1.9,1.9,1.9,1.9,1.426873,0.0
2015-06-17,1.95,1.985,1.95,1.985,1.490707,13000.0
2015-06-18,1.98,1.98,1.9,1.9,1.426873,52641.0
2015-06-19,1.9,1.9,1.9,1.9,1.426873,0.0
2015-06-22,1.9,1.9,1.9,1.9,1.426873,0.0
2015-06-23,1.91,1.91,1.9,1.9,1.426873,10000.0
2015-06-24,1.9,1.9,1.9,1.9,1.426873,10000.0
2015-06-25,1.9,1.9,1.9,1.9,1.426873,0.0
2015-06-26,1.9,1.9,1.9,1.9,1.426873,15700.0
2015-06-29,1.9,1.9,1.9,1.9,1.426873,1000.0
2015-06-30,1.89,1.89,1.89,1.89,1.419363,4000.0
2015-07-01,1.92,1.92,1.92,1.92,1.441893,4000.0
2015-07-02,1.955,1.955,1.92,1.92,1.441893,16000.0
2015-07-03,1.98,1.98,1.95,1.98,1.486952,21578.0
2015-07-06,1.9,1.9,1.9,1.9,1.426873,1900.0
2015-07-07,1.98,1.98,1.98,1.98,1.486952,389.0
2015-07-08,1.96,1.96,1.96,1.96,1.471932,12000.0
2015-07-09,1.91,1.91,1.9,1.9,1.426873,10578.0
2015-07-10,1.9,1.9,1.9,1.9,1.426873,0.0
2015-07-13,1.96,1.97,1.9,1.93,1.449403,29458.0
2015-07-14,1.915,1.915,1.91,1.91,1.434383,1050.0
2015-07-15,1.91,1.91,1.91,1.91,1.434383,1400.0
2015-07-16,1.91,1.91,1.91,1.91,1.434383,0.0
2015-07-17,1.9,1.91,1.9,1.91,1.434383,11190.0
2015-07-20,1.91,1.91,1.91,1.91,1.434383,0.0
2015-07-21,1.92,1.92,1.92,1.92,1.441893,2000.0
2015-07-22,1.98,2.05,1.98,2.03,1.524501,14100.0
2015-07-23,2.19,2.19,2.19,2.19,1.644659,8500.0
2015-07-24,2.14,2.16,2.1,2.16,1.6221299999999998,23245.0
2015-07-27,2.16,2.17,2.16,2.17,1.6296389999999998,11708.0
2015-07-28,2.18,2.18,2.18,2.18,1.637149,1700.0
2015-07-29,2.18,2.18,2.15,2.15,1.6146200000000002,13500.0
2015-07-30,2.15,2.18,2.14,2.14,1.60711,2876.0
2015-07-31,2.14,2.14,2.14,2.14,1.60711,0.0
2015-08-03,2.14,2.14,2.14,2.14,1.60711,0.0
2015-08-04,2.02,2.04,2.0,2.04,1.532011,6125073.0
2015-08-05,2.0,2.04,2.0,2.0,1.501972,63150.0
2015-08-06,2.0,2.04,2.0,2.02,1.516992,304916.0
2015-08-07,2.0,2.0,2.0,2.0,1.501972,1265840.0
2015-08-10,2.01,2.05,1.99,2.03,1.524501,14043.0
2015-08-11,2.0,2.02,1.995,2.0,1.501972,63733.0
2015-08-12,1.96,1.96,1.94,1.95,1.464423,77581.0
2015-08-13,1.95,1.98,1.93,1.98,1.486952,68022.0
2015-08-14,1.93,2.0,1.93,1.99,1.4944620000000002,42306.0
2015-08-17,1.99,2.03,1.99,2.0,1.501972,73302.0
2015-08-18,1.99,2.0,1.98,1.9869999999999999,1.492209,45311.0
2015-08-19,1.99,1.995,1.97,1.985,1.490707,101464.0
2015-08-20,1.985,1.985,1.95,1.98,1.486952,12165.0
2015-08-21,1.955,1.995,1.9,1.95,1.464423,57535.0
2015-08-24,1.95,1.95,1.93,1.945,1.460668,63670.0
2015-08-25,1.84,1.91,1.83,1.905,1.430628,81214.0
2015-08-26,1.93,1.93,1.83,1.83,1.3743040000000002,26749.0
2015-08-27,1.86,1.92,1.86,1.915,1.438138,84023.0
2015-08-28,1.915,1.94,1.912,1.92,1.486208,63181.0
2015-08-31,1.945,1.945,1.815,1.9,1.470726,104736.0
2015-09-01,1.835,1.9,1.835,1.9,1.470726,517846.0
2015-09-02,1.855,1.885,1.85,1.885,1.459115,38424.0
2015-09-03,1.87,1.885,1.85,1.85,1.432023,52679.0
2015-09-04,1.85,1.85,1.81,1.81,1.40106,24929.0
2015-09-07,1.84,1.84,1.72,1.75,1.354616,65349.0
2015-09-08,1.735,1.76,1.735,1.76,1.362357,15658.0
2015-09-09,1.765,1.79,1.75,1.76,1.362357,44599.0
2015-09-10,1.8,1.8,1.76,1.76,1.362357,37726.0
2015-09-11,1.78,1.805,1.78,1.78,1.377838,49347.0
2015-09-14,1.795,1.795,1.765,1.77,1.370098,50258.0
2015-09-15,1.76,1.77,1.76,1.77,1.370098,896.0
2015-09-16,1.79,1.8,1.755,1.79,1.385579,14445.0
2015-09-17,1.78,1.79,1.78,1.79,1.385579,572.0
2015-09-18,1.79,1.79,1.76,1.78,1.377838,16306.0
2015-09-21,1.76,1.78,1.735,1.735,1.343005,47833.0
2015-09-22,1.735,1.735,1.735,1.735,1.343005,36119.0
2015-09-23,1.71,1.71,1.7,1.71,1.323654,10675.0
2015-09-24,1.735,1.76,1.735,1.745,1.350746,31359.0
2015-09-25,1.745,1.785,1.745,1.785,1.381709,4633.0
2015-09-28,1.78,1.78,1.72,1.77,1.370098,11624.0
2015-09-29,1.75,1.75,1.75,1.75,1.354616,2840.0
2015-09-30,1.71,1.75,1.71,1.75,1.354616,22625.0
2015-10-01,1.72,1.725,1.72,1.725,1.335265,80800.0
2015-10-02,1.72,1.75,1.715,1.725,1.335265,94777.0
2015-10-04,1.745,1.745,1.745,1.745,1.350746,425.0
2015-10-05,1.745,1.745,1.745,1.745,1.350746,0.0
2015-10-06,1.72,1.72,1.72,1.72,1.331394,4860.0
2015-10-07,1.73,1.75,1.7,1.7,1.315913,24253.0
2015-10-08,1.75,1.75,1.74,1.75,1.354616,40424.0
2015-10-11,1.75,1.75,1.74,1.75,1.354616,21716.0
2015-10-12,1.77,1.77,1.74,1.74,1.346876,24021.0
2015-10-13,1.75,1.75,1.75,1.75,1.354616,25000.0
2015-10-14,1.75,1.75,1.75,1.75,1.354616,68100.0
2015-10-15,1.75,1.78,1.75,1.78,1.377838,67852.0
2015-10-18,1.78,1.78,1.75,1.78,1.377838,31151.0
2015-10-19,1.78,1.785,1.77,1.78,1.377838,25318.0
2015-10-20,1.785,1.785,1.77,1.785,1.381709,8288.0
2015-10-21,1.8,1.82,1.8,1.82,1.408801,15000.0
2015-10-22,1.81,1.81,1.8,1.8,1.39332,3979.0
2015-10-25,1.82,1.84,1.82,1.83,1.416542,27362.0
2015-10-26,1.83,1.83,1.81,1.81,1.40106,20429.0
2015-10-27,1.82,1.82,1.8,1.8,1.39332,26509.0
2015-10-28,1.8,1.805,1.77,1.775,1.373968,55775.0
2015-10-29,1.775,1.775,1.75,1.75,1.354616,35532.0
2015-11-01,1.76,1.795,1.75,1.78,1.377838,42766.0
2015-11-02,1.75,1.75,1.72,1.72,1.331394,13110.0
2015-11-03,1.8,1.92,1.8,1.9,1.470726,134588.0
2015-11-04,1.9,1.95,1.88,1.95,1.5094299999999998,18937.0
2015-11-05,1.935,1.935,1.89,1.93,1.493948,41722.0
2015-11-08,1.9,1.9,1.88,1.89,1.462986,36020.0
2015-11-09,1.89,1.89,1.85,1.89,1.462986,47292.0
2015-11-10,1.87,1.87,1.85,1.86,1.439764,47899.0
2015-11-11,1.87,1.87,1.79,1.85,1.432023,22190.0
2015-11-12,1.82,1.82,1.795,1.81,1.40106,15745.0
2015-11-15,1.81,1.81,1.79,1.79,1.385579,27720.0
2015-11-16,1.79,1.79,1.79,1.79,1.385579,0.0
2015-11-17,1.77,1.8,1.76,1.8,1.39332,21183.0
2015-11-18,1.8,1.8,1.76,1.77,1.370098,5998.0
2015-11-19,1.77,1.77,1.725,1.735,1.343005,35416.0
2015-11-22,1.845,1.845,1.745,1.8,1.39332,44014.0
2015-11-23,1.79,1.79,1.79,1.79,1.385579,4129.0
2015-11-24,1.78,1.81,1.77,1.81,1.40106,40600.0
2015-11-25,1.82,1.835,1.79,1.835,1.420412,14012.0
2015-11-26,1.84,1.85,1.84,1.85,1.432023,54248.0
2015-11-29,1.85,1.85,1.81,1.85,1.432023,82000.0
2015-11-30,1.83,1.84,1.785,1.785,1.381709,68193.0
2015-12-01,1.78,1.78,1.77,1.78,1.377838,22606.0
2015-12-02,1.8,1.8,1.755,1.76,1.362357,162632.0
2015-12-03,1.74,1.77,1.725,1.73,1.339135,282355.0
2015-12-06,1.73,1.73,1.73,1.73,1.37899,0.0
2015-12-07,1.7,1.7,1.66,1.69,1.347106,7361.0
2015-12-08,1.69,1.69,1.67,1.67,1.331164,108212.0
2015-12-09,1.67,1.7,1.665,1.7,1.355077,7108.0
2015-12-10,1.735,1.785,1.71,1.72,1.371019,60305.0
2015-12-13,1.7,1.735,1.65,1.66,1.323193,129093.0
2015-12-14,1.65,1.65,1.605,1.63,1.29928,207899.0
2015-12-15,1.63,1.63,1.6,1.63,1.29928,198470.0
2015-12-16,1.635,1.645,1.585,1.61,1.283338,71304.0
2015-12-17,1.64,1.64,1.595,1.6,1.275367,95084.0
2015-12-20,1.595,1.605,1.58,1.605,1.279352,32945.0
2015-12-21,1.6,1.65,1.575,1.6,1.275367,119733.0
2015-12-22,1.58,1.61,1.58,1.6,1.275367,20973.0
2015-12-23,1.6,1.6,1.595,1.6,1.275367,33919.0
2015-12-27,1.6,1.6,1.6,1.6,1.275367,0.0
2015-12-28,1.6,1.645,1.6,1.63,1.29928,55748.0
2015-12-29,1.62,1.62,1.605,1.605,1.279352,11787.0
2015-12-30,1.635,1.635,1.61,1.63,1.29928,33100.0
2016-01-03,1.63,1.63,1.585,1.6,1.275367,45025.0
2016-01-04,1.6,1.6,1.59,1.59,1.267395,27642.0
2016-01-05,1.595,1.6,1.585,1.585,1.26341,221313.0
2016-01-06,1.58,1.58,1.55,1.56,1.243482,31553.0
2016-01-07,1.52,1.535,1.52,1.525,1.215584,8256.0
2016-01-10,1.525,1.53,1.505,1.505,1.199642,33962.0
2016-01-11,1.52,1.52,1.44,1.485,1.1837,104084.0
2016-01-12,1.485,1.5,1.455,1.46,1.163772,38617.0
2016-01-13,1.46,1.46,1.445,1.45,1.155801,29346.0
2016-01-14,1.42,1.44,1.42,1.425,1.135873,51905.0
2016-01-17,1.425,1.44,1.425,1.44,1.14783,56272.0
2016-01-18,1.45,1.45,1.4,1.4,1.115946,251341.0
2016-01-19,1.42,1.42,1.39,1.39,1.107975,26400.0
2016-01-20,1.4,1.41,1.4,1.41,1.123917,49650.0
2016-01-21,1.43,1.43,1.4,1.4,1.115946,38350.0
2016-01-24,1.42,1.43,1.42,1.43,1.139859,9903.0
2016-01-26,1.43,1.43,1.37,1.37,1.092032,25039.0
2016-01-27,1.38,1.415,1.38,1.4,1.115946,53632.0
2016-01-28,1.4,1.4,1.4,1.4,1.115946,1987692.0
2016-01-31,1.42,1.485,1.42,1.485,1.1837,79926.0
2016-02-01,1.485,1.56,1.485,1.56,1.243482,221719.0
2016-02-02,1.55,1.55,1.5,1.5,1.195656,59015.0
2016-02-03,1.54,1.54,1.5,1.51,1.203627,83440.0
2016-02-04,1.51,1.55,1.505,1.55,1.235511,11625.0
2016-02-07,1.52,1.52,1.41,1.45,1.155801,115418.0
2016-02-08,1.45,1.46,1.45,1.46,1.163772,43615.0
2016-02-09,1.45,1.45,1.37,1.4,1.115946,271262.0
2016-02-10,1.4,1.4,1.4,1.4,1.115946,0.0
2016-02-11,1.395,1.49,1.395,1.47,1.171743,81584.0
2016-02-14,1.55,1.57,1.54,1.56,1.243482,90157.0
2016-02-15,1.56,1.56,1.54,1.55,1.235511,41628.0
2016-02-16,1.55,1.55,1.55,1.55,1.235511,0.0
2016-02-17,1.55,1.56,1.46,1.56,1.243482,21901.0
2016-02-18,1.56,1.56,1.56,1.56,1.243482,0.0
2016-02-21,1.55,1.55,1.55,1.55,1.235511,15000.0
2016-02-22,1.5,1.5,1.5,1.5,1.195656,1700.0
2016-02-23,1.495,1.495,1.47,1.48,1.179714,49000.0
2016-02-24,1.48,1.48,1.48,1.48,1.179714,0.0
2016-02-25,1.48,1.48,1.47,1.47,1.171743,6198.0
2016-02-28,1.5,1.56,1.5,1.56,1.243482,60658.0
2016-02-29,1.56,1.57,1.55,1.55,1.235511,16011.0
2016-03-01,1.55,1.555,1.55,1.55,1.235511,1407280.0
2016-03-02,1.59,1.68,1.585,1.68,1.339135,243464.0
2016-03-03,1.68,1.73,1.68,1.72,1.371019,37726.0
2016-03-06,1.735,1.74,1.675,1.68,1.339135,41730.0
2016-03-07,1.66,1.66,1.66,1.66,1.369784,2510.0
2016-03-08,1.66,1.7,1.64,1.64,1.353281,90858.0
2016-03-09,1.64,1.65,1.63,1.64,1.353281,30431.0
2016-03-10,1.64,1.7,1.625,1.7,1.402791,6219.0
2016-03-13,1.7,1.7,1.63,1.66,1.369784,36565.0
2016-03-14,1.67,1.7,1.66,1.7,1.402791,79679.0
2016-03-15,1.705,1.705,1.665,1.67,1.378036,8883.0
2016-03-16,1.7,1.7,1.65,1.7,1.402791,29987.0
2016-03-17,1.7,1.715,1.7,1.71,1.411043,39500.0
2016-03-20,1.65,1.65,1.64,1.65,1.361533,21797.0
2016-03-21,1.655,1.69,1.655,1.69,1.394539,15098.0
2016-03-22,1.65,1.65,1.64,1.65,1.361533,16324.0
2016-03-23,1.67,1.67,1.66,1.66,1.369784,5233.0
2016-03-28,1.66,1.66,1.585,1.585,1.307896,26149.0
2016-03-29,1.605,1.62,1.605,1.62,1.336777,14341.0
2016-03-30,1.62,1.62,1.585,1.6,1.320274,48897.0
2016-03-31,1.6,1.605,1.59,1.605,1.3244,12501.0
2016-04-04,1.58,1.58,1.56,1.57,1.295519,16088.0
2016-04-05,1.58,1.585,1.58,1.58,1.303771,24586.0
2016-04-06,1.57,1.59,1.54,1.57,1.295519,34923.0
2016-04-07,1.585,1.585,1.54,1.54,1.270764,16124.0
2016-04-08,1.55,1.56,1.55,1.55,1.279015,50480.0
2016-04-11,1.56,1.56,1.51,1.51,1.246009,42079.0
2016-04-12,1.525,1.56,1.525,1.56,1.287267,35126.0
2016-04-13,1.56,1.56,1.56,1.56,1.287267,3000.0
2016-04-14,1.57,1.57,1.57,1.57,1.295519,8.0
2016-04-15,1.57,1.57,1.57,1.57,1.295519,5000.0
2016-04-18,1.54,1.57,1.54,1.57,1.295519,35045.0
2016-04-19,1.54,1.545,1.535,1.54,1.270764,15247.0
2016-04-20,1.54,1.54,1.54,1.54,1.270764,216.0
2016-04-21,1.53,1.54,1.51,1.51,1.246009,81236.0
2016-04-22,1.51,1.54,1.51,1.51,1.246009,34598.0
2016-04-26,1.51,1.58,1.51,1.56,1.287267,80879.0
2016-04-27,1.75,1.755,1.67,1.68,1.386288,904537.0
2016-04-28,1.69,1.7,1.66,1.66,1.369784,288098.0
2016-04-29,1.67,1.7,1.67,1.7,1.402791,134119.0
2016-05-02,1.71,1.71,1.68,1.68,1.386288,68135.0
2016-05-03,1.7,1.7,1.68,1.68,1.386288,115740.0
2016-05-04,1.68,1.68,1.66,1.66,1.369784,89690.0
2016-05-05,1.68,1.7,1.67,1.67,1.378036,423223.0
2016-05-06,1.695,1.73,1.68,1.7,1.402791,87854.0
2016-05-09,1.75,1.8,1.75,1.795,1.481182,43929.0
2016-05-10,1.77,1.8,1.77,1.795,1.481182,44766.0
2016-05-11,1.795,1.85,1.795,1.83,1.510063,95159.0
2016-05-12,1.84,1.85,1.83,1.83,1.510063,75246.0
2016-05-13,1.85,1.86,1.84,1.84,1.518315,70986.0
2016-05-16,1.85,1.9,1.85,1.9,1.567825,137428.0
2016-05-17,1.9,1.9,1.85,1.85,1.526567,78737.0
2016-05-18,1.85,1.89,1.83,1.89,1.559574,117257.0
2016-05-19,1.87,1.87,1.835,1.86,1.5348190000000002,43143.0
2016-05-20,1.87,1.87,1.855,1.86,1.5348190000000002,25696.0
2016-05-23,1.85,1.86,1.84,1.85,1.526567,55941.0
2016-05-24,1.845,1.85,1.84,1.85,1.526567,13094.0
2016-05-25,1.85,1.86,1.84,1.85,1.526567,73447.0
2016-05-26,1.86,1.89,1.84,1.84,1.518315,162413.0
2016-05-27,1.84,1.85,1.83,1.835,1.514189,51119.0
2016-05-30,1.84,1.85,1.835,1.84,1.518315,36944.0
2016-05-31,1.84,1.84,1.835,1.84,1.518315,29458.0
2016-06-01,1.85,1.85,1.84,1.84,1.518315,14786.0
2016-06-02,1.86,1.86,1.85,1.86,1.5348190000000002,117963.0
2016-06-03,1.86,1.875,1.85,1.85,1.526567,146525.0
2016-06-06,1.87,1.885,1.85,1.86,1.5348190000000002,212577.0
2016-06-07,1.82,1.86,1.775,1.86,1.5815860000000002,20627.0
2016-06-08,1.86,1.86,1.815,1.825,1.551825,26094.0
2016-06-09,1.84,1.84,1.84,1.84,1.5645790000000002,41041.0
2016-06-10,1.84,1.86,1.83,1.835,1.5603280000000002,122075.0
2016-06-14,1.835,1.84,1.8,1.8,1.530567,80929.0
2016-06-15,1.79,1.795,1.75,1.75,1.488051,97314.0
2016-06-16,1.75,1.755,1.74,1.75,1.488051,53744.0
2016-06-17,1.75,1.82,1.74,1.82,1.547573,300879.0
2016-06-20,1.785,1.81,1.785,1.8,1.530567,36196.0
2016-06-21,1.795,1.8,1.79,1.795,1.526315,104984.0
2016-06-22,1.8,1.8,1.76,1.8,1.530567,76334.0
2016-06-23,1.8,1.8,1.78,1.78,1.5135610000000002,61667.0
2016-06-24,1.795,1.795,1.775,1.775,1.509309,9543.0
2016-06-27,1.775,1.775,1.74,1.75,1.488051,76808.0
2016-06-28,1.77,1.77,1.75,1.75,1.488051,5110.0
2016-06-29,1.79,1.79,1.79,1.79,1.522064,11104.0
2016-06-30,1.8,1.83,1.79,1.79,1.522064,220418.0
2016-07-01,1.805,1.805,1.775,1.78,1.5135610000000002,191723.0
2016-07-04,1.78,1.78,1.75,1.75,1.488051,97949.0
2016-07-05,1.76,1.76,1.74,1.74,1.479548,82724.0
2016-07-06,1.8,1.8,1.74,1.76,1.4965540000000002,88629.0
2016-07-07,1.77,1.8,1.75,1.75,1.488051,232135.0
2016-07-08,1.78,1.795,1.78,1.795,1.526315,84284.0
2016-07-11,1.8,1.82,1.77,1.78,1.5135610000000002,122290.0
2016-07-12,1.795,1.8,1.78,1.795,1.526315,57378.0
2016-07-13,1.8,1.8,1.78,1.78,1.5135610000000002,69990.0
2016-07-14,1.78,1.81,1.78,1.785,1.5178120000000002,65197.0
2016-07-15,1.795,1.83,1.78,1.78,1.5135610000000002,196700.0
2016-07-18,1.82,1.82,1.77,1.77,1.505058,128125.0
2016-07-19,1.78,1.8,1.77,1.77,1.505058,77548.0
2016-07-20,1.775,1.8,1.76,1.765,1.500806,63553.0
2016-07-21,1.77,1.815,1.77,1.795,1.526315,201239.0
2016-07-22,1.795,1.795,1.78,1.785,1.5178120000000002,104085.0
2016-07-25,1.785,1.795,1.78,1.795,1.526315,44271.0
2016-07-26,1.795,1.8,1.78,1.78,1.5135610000000002,53681.0
2016-07-27,1.79,1.795,1.775,1.775,1.509309,40735.0
2016-07-28,1.795,1.807,1.78,1.795,1.526315,172563.0
2016-07-29,1.795,1.8,1.78,1.78,1.5135610000000002,93457.0
2016-08-01,1.795,1.81,1.785,1.795,1.526315,85581.0
2016-08-02,1.795,1.8,1.795,1.795,1.526315,125741.0
2016-08-03,1.79,1.8,1.785,1.795,1.526315,81137.0
2016-08-04,1.795,1.8,1.785,1.785,1.5178120000000002,153217.0
2016-08-05,1.79,1.8,1.785,1.785,1.5178120000000002,50492.0
2016-08-08,1.795,1.8,1.785,1.785,1.5178120000000002,86222.0
2016-08-09,1.795,1.8,1.785,1.785,1.5178120000000002,87269.0
2016-08-10,1.795,1.8,1.79,1.79,1.522064,44646.0
2016-08-11,1.795,1.805,1.79,1.79,1.522064,373351.0
2016-08-12,1.79,1.805,1.785,1.785,1.5178120000000002,139415.0
2016-08-15,1.795,1.82,1.78,1.78,1.5135610000000002,109713.0
2016-08-16,1.79,1.795,1.79,1.795,1.526315,59383.0
2016-08-17,1.8,1.85,1.79,1.8,1.530567,119750.0
2016-08-18,1.82,1.85,1.795,1.85,1.573083,151270.0
2016-08-19,1.825,1.83,1.805,1.82,1.547573,52619.0
2016-08-22,1.86,1.91,1.85,1.85,1.573083,167476.0
2016-08-23,1.865,1.875,1.85,1.85,1.573083,106016.0
2016-08-24,1.85,1.93,1.845,1.905,1.61985,357502.0
2016-08-25,1.92,1.93,1.88,1.9,1.615599,375817.0
2016-08-26,1.9,1.9,1.865,1.865,1.5858370000000002,419628.0
2016-08-29,1.88,1.895,1.87,1.88,1.598592,91505.0
2016-08-30,1.91,1.91,1.875,1.875,1.594341,154014.0
2016-08-31,1.875,1.89,1.875,1.875,1.594341,154914.0
2016-09-01,1.88,1.97,1.875,1.97,1.6751200000000002,206821.0
2016-09-02,1.96,1.975,1.94,1.95,1.658114,337715.0
2016-09-05,1.98,1.985,1.955,1.97,1.6751200000000002,213194.0
2016-09-06,1.965,1.965,1.935,1.94,1.696989,475272.0
2016-09-07,1.955,1.975,1.95,1.975,1.7276049999999998,282135.0
2016-09-08,1.98,1.99,1.94,1.95,1.705736,247037.0
2016-09-09,1.95,2.03,1.95,1.98,1.7319779999999998,172381.0
2016-09-12,2.02,2.02,1.95,1.99,1.7407259999999998,85070.0
2016-09-13,2.04,2.07,2.03,2.07,1.810704,90406.0
2016-09-14,2.15,2.22,2.13,2.17,1.898179,271577.0
2016-09-15,2.17,2.25,2.17,2.2,1.92442,306971.0
2016-09-16,2.22,2.22,2.14,2.16,1.889431,143641.0
2016-09-19,2.2,2.2,2.16,2.18,1.906926,77736.0
2016-09-20,2.19,2.19,2.14,2.14,1.871936,105981.0
2016-09-21,2.16,2.165,2.1,2.14,1.871936,168750.0
2016-09-22,2.16,2.26,2.16,2.24,1.95941,206406.0
2016-09-23,2.27,2.3,2.25,2.3,2.011894,163378.0
2016-09-26,2.31,2.35,2.3,2.31,2.020642,177190.0
2016-09-27,2.34,2.38,2.32,2.35,2.055631,102852.0
2016-09-28,2.38,2.4,2.3,2.3,2.011894,277701.0
2016-09-29,2.38,2.39,2.32,2.34,2.046884,115044.0
2016-09-30,2.35,2.37,2.33,2.35,2.055631,112376.0
2016-10-02,2.35,2.36,2.34,2.36,2.064378,85350.0
2016-10-03,2.35,2.39,2.33,2.35,2.055631,156542.0
2016-10-04,2.34,2.44,2.33,2.37,2.073126,178292.0
2016-10-05,2.38,2.38,2.32,2.32,2.029388,85936.0
2016-10-06,2.32,2.32,2.25,2.28,1.9943990000000005,114285.0
2016-10-09,2.26,2.32,2.2,2.29,2.003146,122162.0
2016-10-10,2.3,2.38,2.3,2.35,2.055631,74179.0
2016-10-11,2.35,2.36,2.305,2.35,2.055631,65930.0
2016-10-12,2.35,2.36,2.33,2.35,2.055631,87840.0
2016-10-13,2.35,2.35,2.28,2.34,2.046884,63900.0
2016-10-16,2.3,2.34,2.24,2.24,1.95941,41041.0
2016-10-17,2.25,2.32,2.24,2.28,1.9943990000000005,66537.0
2016-10-18,2.28,2.28,2.27,2.28,1.9943990000000005,50936.0
2016-10-19,2.28,2.31,2.27,2.29,2.003146,17330.0
2016-10-20,2.29,2.35,2.29,2.32,2.029388,36224.0
2016-10-23,2.31,2.36,2.31,2.35,2.055631,77677.0
2016-10-24,2.36,2.4,2.32,2.32,2.029388,157982.0
2016-10-25,2.32,2.35,2.31,2.34,2.046884,42071.0
2016-10-26,2.32,2.32,2.27,2.27,1.985652,68692.0
2016-10-27,2.25,2.27,2.21,2.24,1.95941,147729.0
2016-10-30,2.24,2.26,2.23,2.23,1.950662,32851.0
2016-10-31,2.24,2.3,2.24,2.3,2.011894,70604.0
2016-11-01,2.26,2.27,2.2,2.27,1.985652,66053.0
2016-11-02,2.23,2.25,2.2,2.24,1.95941,31213.0
2016-11-03,2.22,2.23,2.2,2.2,1.92442,98329.0
2016-11-06,2.21,2.3,2.21,2.25,1.968157,22147.0
2016-11-07,2.27,2.35,2.27,2.32,2.029388,40997.0
2016-11-08,2.33,2.36,2.2,2.21,1.933168,164834.0
2016-11-09,2.3,2.35,2.25,2.34,2.046884,58154.0
2016-11-10,2.34,2.36,2.29,2.31,2.020642,104506.0
2016-11-13,2.33,2.34,2.25,2.25,1.968157,146004.0
2016-11-14,2.25,2.33,2.25,2.3,2.011894,84309.0
2016-11-15,2.3,2.35,2.24,2.27,1.985652,98514.0
2016-11-16,2.27,2.27,2.27,2.27,1.985652,0.0
2016-11-17,2.27,2.32,2.27,2.31,2.020642,17156.0
2016-11-20,2.32,2.32,2.29,2.29,2.003146,42786.0
2016-11-21,2.3,2.31,2.29,2.3,2.011894,24775.0
2016-11-22,2.32,2.39,2.32,2.37,2.073126,114752.0
2016-11-23,2.36,2.37,2.33,2.34,2.046884,25843.0
2016-11-24,2.34,2.36,2.33,2.35,2.055631,29311.0
2016-11-27,2.35,2.36,2.33,2.35,2.055631,41171.0
2016-11-28,2.34,2.35,2.26,2.34,2.046884,75160.0
2016-11-29,2.32,2.37,2.31,2.34,2.046884,123534.0
2016-11-30,2.34,2.35,2.27,2.29,2.003146,66290.0
2016-12-01,2.3,2.35,2.28,2.33,2.038136,212727.0
2016-12-04,2.33,2.36,2.29,2.29,2.003146,107352.0
2016-12-05,2.24,2.27,2.16,2.2,1.971777,134559.0
2016-12-06,2.21,2.28,2.21,2.26,2.025553,39367.0
2016-12-07,2.28,2.28,2.24,2.25,2.016591,44181.0
2016-12-08,2.25,2.3,2.25,2.26,2.025553,57448.0
2016-12-11,2.25,2.26,2.24,2.24,2.007628,28271.0
2016-12-12,2.26,2.26,2.21,2.21,1.98074,33264.0
2016-12-13,2.21,2.25,2.19,2.19,1.962815,36607.0
2016-12-14,2.21,2.26,2.21,2.26,2.025553,61540.0
2016-12-15,2.27,2.3,2.23,2.26,2.025553,50471.0
2016-12-18,2.26,2.26,2.23,2.26,2.025553,29674.0
2016-12-19,2.25,2.3,2.22,2.24,2.007628,44632.0
2016-12-20,2.23,2.24,2.22,2.24,2.007628,9659.0
2016-12-21,2.23,2.26,2.23,2.25,2.016591,13107.0
2016-12-22,2.24,2.26,2.24,2.26,2.025553,37356.0
2016-12-27,2.26,2.26,2.23,2.23,1.998665,15984.0
2016-12-28,2.23,2.25,2.23,2.24,2.007628,6343.0
2016-12-29,2.25,2.26,2.23,2.26,2.025553,8129.0
2017-01-02,2.26,2.3,2.23,2.24,2.007628,70022.0
2017-01-03,2.26,2.27,2.25,2.25,2.016591,14088.0
2017-01-04,2.28,2.28,2.25,2.25,2.016591,38153.0
2017-01-05,2.27,2.27,2.27,2.27,2.034516,2074.0
2017-01-08,2.26,2.27,2.25,2.25,2.016591,9243.0
2017-01-09,2.24,2.24,2.23,2.23,1.998665,41133.0
2017-01-10,2.24,2.24,2.23,2.24,2.007628,25086.0
2017-01-11,2.24,2.25,2.23,2.25,2.016591,33522.0
2017-01-12,2.23,2.26,2.22,2.22,1.989702,65287.0
2017-01-15,2.23,2.26,2.23,2.26,2.025553,47993.0
2017-01-16,2.25,2.27,2.21,2.27,2.034516,49715.0
2017-01-17,2.26,2.35,2.26,2.31,2.070366,142114.0
2017-01-18,2.35,2.4,2.34,2.38,2.133105,97240.0
2017-01-19,2.38,2.4,2.38,2.4,2.15103,137958.0
2017-01-22,2.4,2.4,2.36,2.4,2.15103,116514.0
2017-01-23,2.35,2.4,2.27,2.3,2.061404,99279.0
2017-01-24,2.32,2.36,2.3,2.36,2.115179,43071.0
2017-01-26,2.36,2.42,2.34,2.41,2.159993,103996.0
2017-01-29,2.41,2.52,2.39,2.46,2.204806,177160.0
2017-01-30,2.5,2.51,2.46,2.48,2.222731,577514.0
2017-01-31,2.51,2.51,2.43,2.43,2.177918,243882.0
2017-02-01,2.47,2.48,2.44,2.44,2.186881,94130.0
2017-02-02,2.48,2.51,2.41,2.41,2.159993,66306.0
2017-02-05,2.45,2.46,2.38,2.38,2.133105,89254.0
2017-02-06,2.39,2.4,2.28,2.31,2.070366,152722.0
2017-02-07,2.31,2.33,2.3,2.32,2.079329,77696.0
2017-02-08,2.32,2.35,2.32,2.34,2.097254,34622.0
2017-02-09,2.35,2.37,2.34,2.34,2.097254,93392.0
2017-02-12,2.35,2.35,2.31,2.32,2.079329,53376.0
2017-02-13,2.33,2.35,2.31,2.33,2.088292,39007.0
2017-02-14,2.34,2.35,2.33,2.35,2.106216,36628.0
2017-02-15,2.35,2.35,2.32,2.32,2.079329,95033.0
2017-02-16,2.32,2.33,2.31,2.33,2.088292,67856.0
2017-02-19,2.33,2.33,2.31,2.31,2.070366,72668.0
2017-02-20,2.33,2.34,2.3,2.33,2.088292,94315.0
2017-02-21,2.325,2.33,2.31,2.315,2.074847,48193.0
2017-02-22,2.315,2.33,2.315,2.32,2.079329,104243.0
2017-02-23,2.33,2.33,2.3,2.3,2.061404,77545.0
2017-02-26,2.32,2.33,2.3,2.33,2.088292,86682.0
2017-02-27,2.34,2.43,2.34,2.38,2.133105,92269.0
2017-02-28,2.42,2.48,2.38,2.45,2.195843,101810.0
2017-03-01,2.48,2.5,2.39,2.48,2.222731,178118.0
2017-03-02,2.47,2.5,2.4,2.5,2.240656,101761.0
2017-03-05,2.5,2.5,2.4,2.45,2.252516,137496.0
2017-03-06,2.4,2.43,2.36,2.39,2.197353,84799.0
2017-03-07,2.4,2.44,2.37,2.44,2.243323,41156.0
2017-03-08,2.44,2.44,2.3,2.32,2.132995,186283.0
2017-03-09,2.33,2.34,2.3,2.31,2.123801,197147.0
2017-03-12,2.31,2.31,2.06,2.21,2.031862,479656.0
2017-03-13,2.21,2.25,2.13,2.18,2.00428,1718523.0
2017-03-14,2.16,2.2,2.11,2.16,1.985892,407818.0
2017-03-15,2.15,2.16,2.1,2.14,1.967504,290660.0
2017-03-16,2.13,2.16,2.07,2.1,1.930728,755609.0
2017-03-19,2.12,2.12,2.09,2.09,1.921534,192252.0
2017-03-20,2.12,2.17,2.11,2.17,1.995086,234475.0
2017-03-21,2.17,2.18,2.13,2.18,2.00428,250713.0
2017-03-22,2.18,2.2,2.16,2.17,1.995086,63586.0
2017-03-23,2.19,2.19,2.16,2.17,1.995086,82116.0
2017-03-26,2.18,2.18,2.12,2.12,1.949116,107976.0
2017-03-27,2.15,2.25,2.15,2.25,2.068638,252667.0
2017-03-28,2.26,2.28,2.22,2.23,2.05025,301906.0
2017-03-29,2.24,2.29,2.22,2.27,2.087025,191430.0
2017-03-30,2.29,2.31,2.27,2.29,2.105413,59243.0
2017-04-03,2.29,2.33,2.24,2.25,2.068638,235530.0
2017-04-04,2.3,2.32,2.24,2.25,2.068638,106669.0
2017-04-05,2.25,2.29,2.23,2.24,2.059443,182369.0
2017-04-06,2.25,2.3,2.24,2.28,2.096219,208874.0
2017-04-07,2.28,2.3,2.23,2.27,2.087025,64333.0
2017-04-10,2.27,2.3,2.25,2.3,2.114607,78025.0
2017-04-11,2.31,2.35,2.28,2.34,2.151383,78788.0
2017-04-12,2.34,2.38,2.34,2.38,2.188159,69177.0
2017-04-13,2.36,2.39,2.32,2.38,2.188159,81930.0
2017-04-18,2.38,2.42,2.37,2.41,2.215741,76463.0
2017-04-19,2.41,2.42,2.39,2.4,2.206547,60559.0
2017-04-20,2.38,2.41,2.36,2.41,2.215741,54578.0
2017-04-21,2.4,2.41,2.38,2.4,2.206547,88088.0
2017-04-24,2.41,2.43,2.4,2.4,2.206547,55758.0
2017-04-26,2.4,2.46,2.4,2.44,2.243323,65794.0
2017-04-27,2.44,2.48,2.43,2.48,2.280098,75332.0
2017-04-28,2.47,2.48,2.44,2.44,2.243323,36328.0
2017-05-01,2.44,2.47,2.44,2.44,2.243323,43142.0
2017-05-02,2.44,2.46,2.44,2.44,2.243323,20078.0
2017-05-03,2.44,2.45,2.42,2.42,2.224935,49928.0
2017-05-04,2.42,2.43,2.35,2.35,2.160577,121067.0
2017-05-05,2.35,2.43,2.35,2.43,2.234128,81995.0
2017-05-08,2.39,2.46,2.37,2.45,2.252516,50399.0
2017-05-09,2.45,2.46,2.42,2.42,2.224935,40487.0
2017-05-10,2.45,2.45,2.43,2.45,2.252516,46614.0
2017-05-11,2.45,2.45,2.44,2.44,2.243323,32420.0
2017-05-12,2.43,2.44,2.37,2.37,2.1789650000000003,71055.0
2017-05-15,2.38,2.45,2.38,2.4,2.206547,52051.0
2017-05-16,2.4,2.44,2.4,2.44,2.243323,23952.0
2017-05-17,2.44,2.44,2.37,2.37,2.1789650000000003,79675.0
2017-05-18,2.35,2.37,2.34,2.35,2.160577,134592.0
2017-05-19,2.35,2.44,2.35,2.42,2.224935,139339.0
2017-05-22,2.42,2.45,2.42,2.44,2.243323,194761.0
2017-05-23,2.45,2.45,2.44,2.44,2.243323,57125.0
2017-05-24,2.44,2.45,2.42,2.45,2.252516,72397.0
2017-05-25,2.44,2.44,2.37,2.41,2.268613,34131.0
2017-05-26,2.41,2.43,2.4,2.4,2.2592,68417.0
2017-05-29,2.4,2.43,2.36,2.36,2.221546,40498.0
2017-05-30,2.37,2.39,2.33,2.34,2.20272,75844.0
2017-05-31,2.32,2.34,2.31,2.34,2.20272,46872.0
2017-06-01,2.34,2.45,2.34,2.41,2.268613,49893.0
2017-06-02,2.4,2.41,2.34,2.36,2.221546,44057.0
2017-06-05,2.36,2.38,2.36,2.36,2.221546,34550.0
2017-06-06,2.4,2.4,2.35,2.35,2.212133,46820.0
2017-06-07,2.35,2.39,2.3,2.31,2.17448,58374.0
2017-06-08,2.32,2.39,2.29,2.29,2.155653,80827.0
2017-06-09,2.36,2.38,2.33,2.38,2.240373,13052.0
2017-06-13,2.38,2.39,2.33,2.33,2.193306,55896.0
2017-06-14,2.32,2.39,2.32,2.39,2.249787,40886.0
2017-06-15,2.37,2.41,2.35,2.37,2.23096,78352.0
2017-06-16,2.39,2.39,2.36,2.36,2.221546,36405.0
2017-06-19,2.38,2.47,2.38,2.41,2.268613,120001.0
2017-06-20,2.43,2.44,2.4,2.4,2.2592,55372.0
2017-06-21,2.39,2.45,2.39,2.4,2.2592,50735.0
2017-06-22,2.43,2.44,2.39,2.4,2.2592,88424.0
2017-06-23,2.4,2.45,2.39,2.4,2.2592,30603.0
2017-06-26,2.45,2.45,2.4,2.41,2.268613,75900.0
2017-06-27,2.42,2.42,2.35,2.36,2.221546,160814.0
2017-06-28,2.39,2.43,2.37,2.41,2.268613,33707.0
2017-06-29,2.42,2.42,2.38,2.4,2.2592,43508.0
2017-06-30,2.4,2.42,2.37,2.37,2.23096,76594.0
2017-07-03,2.37,2.42,2.36,2.41,2.268613,41341.0
2017-07-04,2.42,2.45,2.38,2.4,2.2592,55910.0
2017-07-05,2.4,2.42,2.38,2.4,2.2592,51231.0
2017-07-06,2.4,2.43,2.39,2.39,2.249787,96210.0
2017-07-07,2.39,2.41,2.38,2.4,2.2592,33284.0
2017-07-10,2.43,2.43,2.39,2.41,2.268613,46700.0
2017-07-11,2.42,2.44,2.4,2.4,2.2592,71156.0
2017-07-12,2.42,2.42,2.39,2.39,2.249787,27965.0
2017-07-13,2.41,2.44,2.4,2.41,2.268613,17832.0
2017-07-14,2.41,2.46,2.41,2.44,2.296853,45044.0
2017-07-17,2.45,2.45,2.44,2.45,2.306267,212534.0
2017-07-18,2.45,2.54,2.44,2.51,2.362746,424803.0
2017-07-19,2.53,2.59,2.53,2.57,2.419226,406441.0
2017-07-20,2.6,2.6,2.52,2.53,2.381573,130443.0
2017-07-21,2.53,2.59,2.52,2.59,2.438053,67027.0
2017-07-24,2.6,2.64,2.58,2.6,2.447466,192731.0
2017-07-25,2.64,2.67,2.62,2.66,2.503947,79309.0
2017-07-26,2.66,2.67,2.64,2.67,2.51336,112314.0
2017-07-27,2.65,2.67,2.64,2.64,2.48512,97932.0
2017-07-28,2.64,2.65,2.62,2.64,2.48512,89046.0
2017-07-31,2.65,2.67,2.65,2.67,2.51336,89287.0
2017-08-01,2.67,2.72,2.66,2.68,2.522773,215110.0
2017-08-02,2.71,2.73,2.69,2.71,2.551013,120675.0
2017-08-03,2.71,2.765,2.7,2.7,2.5416,126883.0
2017-08-04,2.73,2.73,2.63,2.64,2.48512,90732.0
2017-08-07,2.62,2.62,2.55,2.58,2.42864,173267.0
2017-08-08,2.59,2.6,2.57,2.6,2.447466,39631.0
2017-08-09,2.6,2.68,2.6,2.66,2.503947,58216.0
2017-08-10,2.66,2.7,2.65,2.7,2.5416,27342.0
2017-08-11,2.68,2.7,2.62,2.64,2.48512,54222.0
2017-08-14,2.63,2.67,2.63,2.67,2.51336,46215.0
2017-08-15,2.68,2.68,2.39,2.44,2.296853,744141.0
2017-08-16,2.48,2.58,2.48,2.51,2.362746,139226.0
2017-08-17,2.53,2.54,2.52,2.54,2.3909860000000003,82820.0
2017-08-18,2.52,2.55,2.44,2.45,2.343167,130620.0
2017-08-21,2.45,2.49,2.44,2.45,2.343167,26067.0
2017-08-22,2.45,2.48,2.45,2.48,2.371859,18008.0
2017-08-23,2.48,2.5,2.47,2.47,2.362295,34066.0
2017-08-24,2.47,2.52,2.47,2.5,2.3909860000000003,22855.0
2017-08-25,2.52,2.54,2.505,2.51,2.400551,48320.0
2017-08-28,2.5,2.52,2.49,2.51,2.400551,48205.0
2017-08-29,2.49,2.52,2.48,2.52,2.410114,61525.0
2017-08-30,2.52,2.52,2.47,2.48,2.371859,62266.0
2017-08-31,2.53,2.53,2.49,2.5,2.3909860000000003,32554.0
2017-09-01,2.51,2.54,2.5,2.54,2.429242,43212.0
2017-09-04,2.53,2.54,2.5,2.5,2.3909860000000003,35642.0
2017-09-05,2.52,2.52,2.5,2.5,2.3909860000000003,21140.0
2017-09-06,2.51,2.52,2.5,2.5,2.3909860000000003,41110.0
2017-09-07,2.5,2.52,2.495,2.5,2.3909860000000003,21793.0
2017-09-08,2.51,2.52,2.51,2.52,2.410114,22727.0
2017-09-11,2.54,2.55,2.52,2.52,2.410114,34850.0
2017-09-12,2.54,2.55,2.52,2.52,2.410114,48466.0
2017-09-13,2.52,2.56,2.51,2.52,2.410114,30617.0
2017-09-14,2.52,2.55,2.5,2.5,2.3909860000000003,31843.0
2017-09-15,2.52,2.58,2.5,2.5,2.3909860000000003,74028.0
2017-09-18,2.55,2.57,2.53,2.54,2.429242,27947.0
2017-09-19,2.53,2.57,2.53,2.57,2.457934,20690.0
2017-09-20,2.57,2.57,2.51,2.53,2.419678,27805.0
2017-09-21,2.54,2.58,2.53,2.53,2.419678,31272.0
2017-09-22,2.53,2.57,2.53,2.54,2.429242,12323.0
2017-09-25,2.54,2.54,2.51,2.52,2.410114,28568.0
2017-09-26,2.52,2.57,2.51,2.53,2.419678,15075.0
2017-09-27,2.53,2.6,2.53,2.6,2.486626,33717.0
2017-09-28,2.6,2.6,2.56,2.6,2.486626,16468.0
2017-09-29,2.6,2.6,2.55,2.59,2.477062,19996.0
2017-10-01,2.6,2.65,2.6,2.63,2.515318,40393.0
2017-10-02,2.64,2.69,2.62,2.62,2.505754,49617.0
2017-10-03,2.63,2.63,2.5,2.58,2.467498,119696.0
2017-10-04,2.59,2.59,2.5,2.5,2.3909860000000003,116465.0
2017-10-05,2.55,2.58,2.53,2.58,2.467498,36046.0
2017-10-08,2.58,2.6,2.55,2.6,2.486626,46533.0
2017-10-09,2.59,2.61,2.59,2.61,2.4961900000000004,21649.0
2017-10-10,2.61,2.61,2.59,2.59,2.477062,37501.0
2017-10-11,2.59,2.62,2.59,2.59,2.477062,17448.0
2017-10-12,2.6,2.61,2.59,2.61,2.4961900000000004,13208.0
2017-10-15,2.62,2.65,2.61,2.63,2.515318,80789.0
2017-10-16,2.63,2.65,2.61,2.65,2.534446,21957.0
2017-10-17,2.65,2.65,2.61,2.65,2.534446,41334.0
2017-10-18,2.65,2.67,2.63,2.64,2.524882,28099.0
2017-10-19,2.64,2.68,2.64,2.68,2.563138,17022.0
2017-10-22,2.68,2.68,2.65,2.65,2.534446,32813.0
2017-10-23,2.67,2.67,2.64,2.64,2.524882,21891.0
2017-10-24,2.64,2.64,2.6,2.6,2.486626,32964.0
2017-10-25,2.62,2.62,2.6,2.62,2.505754,56017.0
2017-10-26,2.62,2.62,2.61,2.62,2.505754,40517.0
2017-10-29,2.62,2.63,2.61,2.62,2.505754,64339.0
2017-10-30,2.62,2.65,2.62,2.63,2.515318,84502.0
2017-10-31,2.65,2.69,2.63,2.63,2.515318,65100.0
2017-11-01,2.63,2.69,2.61,2.65,2.534446,64575.0
2017-11-02,2.64,2.68,2.63,2.68,2.563138,43382.0
2017-11-05,2.69,2.69,2.65,2.69,2.572702,16211.0
2017-11-06,2.68,2.69,2.66,2.68,2.563138,13603.0
2017-11-07,2.68,2.69,2.67,2.68,2.563138,23668.0
2017-11-08,2.68,2.69,2.68,2.68,2.563138,41932.0
2017-11-09,2.69,2.73,2.68,2.72,2.601393,36624.0
2017-11-12,2.73,2.74,2.71,2.74,2.620521,31543.0
2017-11-13,2.74,2.74,2.68,2.71,2.59183,63612.0
2017-11-14,2.71,2.73,2.69,2.71,2.59183,37649.0
2017-11-15,2.71,2.72,2.66,2.72,2.601393,98728.0
2017-11-16,2.7,2.7,2.66,2.68,2.618098,113104.0
2017-11-19,2.68,2.77,2.68,2.72,2.6571740000000004,76463.0
2017-11-20,2.72,2.8,2.72,2.8,2.735327,75625.0
2017-11-21,2.93,2.99,2.79,2.9,2.833017,308331.0
2017-11-22,2.92,3.01,2.92,2.99,2.920938,136353.0
2017-11-23,2.98,2.98,2.9,2.9,2.833017,57094.0
2017-11-26,2.91,2.95,2.91,2.91,2.8427860000000003,49788.0
2017-11-27,2.93,2.93,2.86,2.86,2.793941,58494.0
2017-11-28,2.87,2.9,2.87,2.9,2.833017,36751.0
2017-11-29,2.91,3.0,2.9,2.92,2.852555,124428.0
2017-11-30,2.97,3.0,2.94,2.98,2.911169,113156.0
2017-12-03,3.0,3.03,2.97,3.0,2.930707,91281.0
2017-12-04,3.0,3.0,2.98,2.99,2.920938,27645.0
2017-12-05,3.0,3.01,2.975,3.005,2.935592,34711.0
2017-12-06,3.0,3.01,2.98,2.98,2.911169,30828.0
2017-12-07,2.99,3.03,2.98,3.03,2.960014,91295.0
2017-12-10,3.03,3.05,3.0,3.0,2.930707,76611.0
2017-12-11,3.02,3.03,2.98,2.98,2.911169,43621.0
2017-12-12,2.98,3.0,2.98,3.0,2.930707,46560.0
2017-12-13,3.0,3.0,2.99,3.0,2.930707,44465.0
2017-12-14,2.99,3.0,2.99,3.0,2.930707,42281.0
2017-12-17,3.0,3.0,2.97,2.97,2.9014,60947.0
2017-12-18,3.0,3.0,2.95,3.0,2.930707,44523.0
2017-12-19,2.98,3.0,2.96,3.0,2.930707,21507.0
2017-12-20,3.0,3.0,2.95,2.95,2.881862,55781.0
2017-12-21,2.98,2.99,2.93,2.94,2.872093,95721.0
2017-12-26,2.94,3.0,2.93,2.93,2.862324,42582.0
2017-12-27,2.94,3.01,2.94,2.99,2.920938,46841.0
2017-12-28,2.99,3.03,2.99,2.99,2.920938,23198.0
2018-01-01,2.99,3.03,2.97,2.97,2.9014,57529.0
2018-01-02,2.97,3.03,2.97,3.0,2.930707,40900.0
2018-01-03,2.99,3.05,2.97,3.01,2.940476,52232.0
2018-01-04,3.02,3.1,3.02,3.06,2.989321,67612.0
2018-01-07,3.07,3.24,3.07,3.16,3.087012,151880.0
2018-01-08,3.16,3.18,3.14,3.14,3.067473,81086.0
2018-01-09,3.15,3.15,3.07,3.08,3.008859,77681.0
2018-01-10,3.08,3.1,3.04,3.05,2.979552,57249.0
2018-01-11,3.1,3.11,3.09,3.1,3.028397,35707.0
2018-01-14,3.1,3.12,3.02,3.02,2.950245,71195.0
2018-01-15,3.08,3.08,3.04,3.05,2.979552,29500.0
2018-01-16,3.09,3.09,3.05,3.05,2.979552,55133.0
2018-01-17,3.05,3.05,3.03,3.04,2.969783,75838.0
2018-01-18,3.04,3.07,3.04,3.05,2.979552,48263.0
2018-01-21,3.07,3.07,3.01,3.01,2.940476,118455.0
2018-01-22,3.01,3.01,2.98,2.99,2.920938,59565.0
2018-01-23,2.99,3.0,2.95,3.0,2.930707,93210.0
2018-01-24,3.0,3.0,2.98,2.99,2.920938,29105.0
2018-01-28,2.99,2.99,2.95,2.96,2.8916310000000003,23714.0
2018-01-29,2.93,2.97,2.91,2.91,2.8427860000000003,72881.0
2018-01-30,2.91,2.92,2.86,2.89,2.823248,89134.0
2018-01-31,2.89,2.89,2.8,2.8,2.735327,130767.0
2018-02-01,2.8,2.94,2.77,2.85,2.7841720000000003,161811.0
2018-02-04,2.79,2.85,2.78,2.81,2.745095,103513.0
2018-02-05,2.75,2.8,2.55,2.76,2.69625,333248.0
2018-02-06,2.78,2.91,2.78,2.9,2.833017,154321.0
2018-02-07,2.9,3.0,2.9,3.0,2.930707,79927.0
2018-02-08,2.95,2.95,2.88,2.95,2.881862,73555.0
2018-02-11,2.92,2.95,2.85,2.94,2.872093,80789.0
2018-02-12,2.86,3.0,2.86,3.0,2.930707,68524.0
2018-02-13,2.99,2.99,2.92,2.92,2.852555,188819.0
2018-02-14,2.97,2.99,2.94,2.97,2.9014,112129.0
2018-02-15,2.97,2.99,2.96,2.96,2.96,59335.0
2018-02-18,2.92,2.98,2.91,2.94,2.94,37404.0
2018-02-19,2.89,2.95,2.85,2.85,2.85,50567.0
2018-02-20,2.96,2.97,2.88,2.91,2.91,19452.0
2018-02-21,2.92,2.94,2.85,2.85,2.85,26939.0
2018-02-22,2.9,2.92,2.73,2.9,2.9,108154.0
2018-02-25,2.89,2.92,2.81,2.92,2.92,43291.0
2018-02-27,2.89,2.92,2.86,2.88,2.88,10496.0
2018-02-28,2.81,2.855,2.77,2.78,2.72032,92588.0
2018-03-01,2.77,2.84,2.75,2.82,2.759461,55370.0
2018-03-04,2.85,2.92,2.79,2.91,2.847529,103207.0
2018-03-05,2.92,2.92,2.83,2.9,2.837744,131106.0
2018-03-06,2.89,2.9,2.85,2.85,2.788817,21658.0
2018-03-07,2.86,2.91,2.85,2.9,2.837744,75334.0
2018-03-08,2.9,2.92,2.85,2.9,2.837744,44567.0
2018-03-11,2.9,2.93,2.88,2.9,2.837744,73890.0
2018-03-12,2.89,2.92,2.86,2.88,2.818173,29049.0
2018-03-13,2.88,2.9,2.875,2.89,2.827959,28673.0
2018-03-14,2.89,2.92,2.87,2.88,2.818173,29000.0
2018-03-15,2.88,2.9,2.88,2.89,2.827959,66530.0
2018-03-18,2.9,2.9,2.88,2.89,2.827959,60487.0
2018-03-19,2.9,2.94,2.89,2.9,2.837744,96471.0
2018-03-20,2.9,2.93,2.88,2.93,2.8671,129340.0
2018-03-21,2.89,2.96,2.89,2.91,2.847529,22828.0
2018-03-22,2.92,2.92,2.88,2.88,2.818173,34843.0
2018-03-25,2.88,2.95,2.87,2.9,2.837744,48285.0
2018-03-26,2.9,3.01,2.87,3.01,2.945383,145429.0
2018-03-27,3.0,3.0,2.91,2.92,2.8573150000000003,51236.0
2018-03-28,2.92,2.935,2.87,2.93,2.8671,53528.0
2018-04-03,2.9,2.91,2.83,2.83,2.769247,72428.0
2018-04-04,2.92,2.92,2.82,2.82,2.759461,66287.0
2018-04-05,2.85,2.93,2.78,2.92,2.8573150000000003,84851.0
2018-04-06,2.89,2.92,2.83,2.85,2.788817,26780.0
2018-04-09,2.84,2.93,2.84,2.93,2.8671,57994.0
2018-04-10,2.92,2.92,2.85,2.89,2.827959,24901.0
2018-04-11,2.93,2.94,2.87,2.87,2.808388,35648.0
2018-04-12,2.88,2.9,2.84,2.84,2.779032,35892.0
2018-04-13,2.85,3.04,2.85,2.85,2.788817,145249.0
2018-04-16,2.85,2.94,2.83,2.86,2.798603,88097.0
2018-04-17,2.84,2.93,2.84,2.85,2.788817,30239.0
2018-04-18,2.85,2.86,2.81,2.82,2.759461,109636.0
2018-04-19,2.83,2.86,2.82,2.84,2.779032,35328.0
2018-04-20,2.85,2.89,2.84,2.84,2.779032,62539.0
2018-04-23,2.85,2.85,2.84,2.85,2.788817,53271.0
2018-04-24,2.88,2.93,2.85,2.9,2.837744,87839.0
2018-04-26,2.9,2.93,2.89,2.91,2.847529,202037.0
2018-04-27,2.91,2.94,2.9,2.91,2.847529,66458.0
2018-04-30,2.92,2.95,2.91,2.92,2.8573150000000003,60993.0
2018-05-01,2.92,2.93,2.91,2.91,2.847529,29239.0
2018-05-02,2.92,2.93,2.92,2.92,2.8573150000000003,48975.0
2018-05-03,2.93,2.93,2.92,2.92,2.8573150000000003,61201.0
2018-05-04,2.93,2.98,2.92,2.92,2.8573150000000003,57039.0
2018-05-07,2.93,2.96,2.9,2.9,2.837744,53778.0
2018-05-08,2.95,2.95,2.92,2.93,2.8671,44527.0
2018-05-09,2.95,2.95,2.9,2.9,2.837744,26905.0
2018-05-10,2.9,2.93,2.89,2.89,2.827959,44979.0
2018-05-11,2.9,2.91,2.88,2.88,2.818173,77213.0
2018-05-14,2.91,2.92,2.9,2.9,2.837744,80173.0
2018-05-15,2.92,2.94,2.91,2.93,2.8671,73337.0
2018-05-16,2.92,2.95,2.92,2.93,2.8671,61246.0
2018-05-17,2.93,2.93,2.85,2.88,2.88,30171.0
2018-05-18,2.9,2.92,2.89,2.89,2.89,19173.0
2018-05-21,2.92,2.94,2.9,2.92,2.92,33132.0
2018-05-22,2.95,3.0,2.95,3.0,3.0,186287.0
2018-05-23,3.01,3.01,2.92,2.92,2.92,133861.0
2018-05-24,2.94,3.0,2.94,2.99,2.99,71507.0
2018-05-25,2.98,2.99,2.95,2.96,2.96,72943.0
2018-05-28,2.96,3.0,2.96,2.98,2.98,59774.0
2018-05-29,2.99,2.99,2.97,2.98,2.98,84480.0
2018-05-30,2.97,3.0,2.95,2.96,2.96,58639.0
2018-05-31,3.0,3.0,2.97,2.98,2.98,30531.0
2018-06-01,2.97,2.98,2.96,2.98,2.98,24998.0
2018-06-04,2.98,2.98,2.96,2.96,2.96,72639.0
2018-06-05,2.99,2.99,2.96,2.97,2.97,45790.0
2018-06-06,2.97,2.99,2.96,2.98,2.98,42053.0
2018-06-07,2.97,2.99,2.96,2.97,2.97,30566.0
2018-06-08,2.97,2.97,2.94,2.96,2.96,87702.0
2018-06-12,2.96,2.98,2.89,2.9,2.9,125198.0
2018-06-13,2.91,2.98,2.91,2.94,2.94,54110.0
2018-06-14,2.98,2.98,2.93,2.93,2.93,36755.0
2018-06-15,2.97,3.02,2.96,3.0,3.0,186964.0
2018-06-18,3.0,3.01,2.99,2.99,2.99,109876.0
2018-06-19,3.0,3.0,2.97,2.97,2.97,159788.0
2018-06-20,2.98,2.99,2.94,2.97,2.97,66332.0
2018-06-21,2.98,2.98,2.95,2.95,2.95,90952.0
2018-06-22,2.95,2.96,2.88,2.88,2.88,188009.0
2018-06-25,2.93,2.97,2.91,2.92,2.92,96959.0
2018-06-26,2.92,2.92,2.9,2.92,2.92,30861.0
2018-06-27,2.91,2.91,2.83,2.85,2.85,392248.0
2018-06-28,2.87,2.87,2.85,2.87,2.87,73600.0
